_id,title,description,duration,contentUrl,department,createdAt,__v,modules[0],quiz
6706701a98ac07710c36afcf,Culpa thema ipsam adfectus.,Ratione denique capillus possimus admiratio terreo. Rem civitas tabella. Arbitro uberrime coma angulus optio paulatim cetera.,115,https://wide-eyed-repeat.biz,Data Science,2024-10-08T20:24:36.531Z,0,,
6706701a98ac07710c36afd0,Tardus acquiro suffragium.,Demergo pariatur tunc supplanto dapifer colo. Coerceo amissio vitiosus universe agnitio. Nihil degusto defungo capto vergo adulatio bos thalassinus.,36,https://flawed-blossom.name,Full Stack,2024-10-09T03:09:14.121Z,0,,
6706701a98ac07710c36afd1,Cohibeo quia arbustum voluptatibus audio quae caritas.,Comptus triduana suspendo abeo. Benevolentia celo vestigium. Absorbeo caelum solio complectus.,132,https://finished-tuba.biz/,Data Engineering,2024-10-08T19:56:03.031Z,0,,
6706701a98ac07710c36afd2,Benevolentia alter adinventitias ago clementia vilis.,Varius theca vero occaecati nam vicissitudo atavus speciosus ater. Viridis dedecor aequus toties. Benigne aliquam amet verto curtus ante confero solium adimpleo.,74,https://well-to-do-grouper.org,Data Engineering,2024-10-09T10:21:37.392Z,0,,
6706701a98ac07710c36afd3,Cupressus ara cito ante veritas reprehenderit tamquam ter.,Stabilis virga ascisco tondeo trans thermae solus stella coepi trans. Benevolentia amo apostolus eius autus. Animi versus decet velum.,105,https://agile-puppet.com,Full Stack,2024-10-09T01:55:53.597Z,0,,
6706701a98ac07710c36afd4,Tertius theologus color corroboro corrumpo acidus.,Tepesco demonstro curia velit cornu unde benevolentia cariosus compono temporibus. Conspergo ambitus textilis. Crebro et considero.,41,https://utilized-gown.name,Full Stack,2024-10-08T17:06:28.098Z,0,,
6706701a98ac07710c36afd5,Surculus claustrum strues credo desipio crastinus anser terga minus contigo.,Calco ultio arbor ratione sollicito subiungo. Umerus tabernus audacia ratione consequuntur. Truculenter ex est vito.,87,https://minor-humidity.org/,Data Engineering,2024-10-09T03:37:07.314Z,0,,
6706701a98ac07710c36afd6,Utilis creber attonbitus quo enim.,Ocer vereor clibanus acceptus circumvenio curtus adopto usque. Agnosco patria sustineo caterva quam. Admoveo delectus turbo viriliter considero.,165,https://wavy-packaging.name/,Data Engineering,2024-10-08T16:48:28.934Z,0,,
6706701a98ac07710c36afd7,Rem theca aranea porro utroque attero textilis crinis validus.,Cedo tamdiu colo derideo aedificium atqui verumtamen patruus praesentium ter. Deinde ulciscor ait cunctatio ait ducimus spectaculum colligo nulla similique. Uredo utique ventosus clarus canonicus universe cruentus demitto tepidus calcar.,136,https://clueless-tapioca.org,Data Science,2024-10-08T18:30:35.322Z,0,,
6706701a98ac07710c36afd8,Bellicus adversus nisi.,Aurum tres eaque. Similique vinco vir subiungo exercitationem. Itaque tamisium talis collum suscipio cernuus certus.,74,https://basic-equal.com/,Data Engineering,2024-10-09T09:57:18.085Z,0,,
6706701a98ac07710c36afd9,Vivo apostolus arguo.,Titulus blanditiis strenuus corona apto surculus. Audeo degero tantum tepesco. Talio aperiam ullus comprehendo adsidue a cribro.,141,https://normal-unit.name/,Full Stack,2024-10-08T15:25:53.269Z,0,,
6706701a98ac07710c36afda,Conventus verbum peior esse cupressus voluptate verumtamen cupressus reiciendis.,Color vester carus pecus ante. Asporto crudelis sumptus totidem talio vacuus condico. Articulus valetudo amplitudo videlicet.,47,https://suburban-membership.info,Full Stack,2024-10-08T13:28:22.657Z,0,,
6706701a98ac07710c36afdb,Cilicium triumphus terga supplanto perferendis.,Tempora terebro defungo vobis arbitro thorax tenus amplitudo virgo arguo. Complectus vox absorbeo calcar certus abutor temperantia adimpleo cogito amitto. Vulariter atrox vesica.,46,https://defensive-pension.org/,Data Science,2024-10-09T01:43:45.250Z,0,,
6706701a98ac07710c36afdc,Adsidue combibo texo nemo.,Totidem ago dolores acceptus capio ademptio cariosus praesentium. Cubo carcer timor depromo arguo. Tergiversatio spectaculum utrum suadeo abeo canonicus.,86,https://gaseous-daughter.info,Data Science,2024-10-09T10:56:17.615Z,0,,
6706701a98ac07710c36afdd,Veniam impedit porro delinquo aro spargo labore.,Validus vociferor sit aegrotatio patrocinor reiciendis amoveo optio conicio atavus. Color constans tempus eos rerum assumenda confero. Infit cibus argumentum tonsor spes viridis cervus corrigo.,99,https://wealthy-provision.org,Data Engineering,2024-10-09T02:23:51.532Z,0,,
6706701a98ac07710c36afde,Testimonium ex urbs callide atqui despecto.,Somniculosus aestas venustas omnis clam ventus crastinus tantum tunc officiis. Arx abstergo praesentium catena delinquo. Summopere combibo brevis.,167,https://experienced-swim.biz/,Full Stack,2024-10-09T11:04:59.531Z,0,,
6706701a98ac07710c36afdf,Teres turba depereo validus denuncio supra spero.,Facilis valeo provident tempus commemoro temperantia vestigium viduo tersus. Debeo sequi conor tutis absconditus calculus sophismata hic absum vilis. Comprehendo conspergo studio amo subvenio nobis.,105,https://formal-valuable.org/,Full Stack,2024-10-08T17:46:47.954Z,0,,
6706701a98ac07710c36afe0,Textus conduco censura.,Patior termes placeat deputo vulgus. Argentum terra clarus. Amiculum torqueo cimentarius suggero conduco abscido super audeo.,141,https://next-story.com,Data Engineering,2024-10-09T11:47:45.196Z,0,,
6706701a98ac07710c36afe1,Deleniti adhaero articulus blandior suffragium thema depulso demonstro curso.,Velum tenetur aegrotatio tenuis comitatus votum. Cado atavus adficio tepesco turbo commemoro. Terror bis cervus stipes vae sono curvo spiculum.,122,https://colorful-hose.com/,Data Science,2024-10-08T12:07:12.227Z,0,,
6706701a98ac07710c36afe2,Antiquus ullam peior terminatio ago absens.,Arx arx aliquam dedecor confero tergum. Universe tamquam strues voluptatum ubi auxilium vigilo succurro. Credo auctor degero carcer congregatio blandior.,152,https://idealistic-dependency.biz,Data Science,2024-10-08T14:56:06.752Z,0,,
6706701a98ac07710c36afe3,Patruus cognatus compello vita temporibus surculus decor ventito.,Aqua beatae voluptates aliqua. Suadeo amo congregatio consectetur verus vesper coerceo curatio comburo. Aggero assentator nihil patrocinor combibo capio iure maxime.,36,https://wealthy-stay.org/,Data Engineering,2024-10-09T00:04:20.156Z,0,,
6706701a98ac07710c36afe4,Suppellex admoneo creo currus adamo deleo ratione vetus maxime.,Coniecto aduro a accedo cupiditate aeternus. Abundans studio claro aspicio voveo comedo. Ullam sustineo charisma recusandae.,122,https://caring-sesame.name,Data Engineering,2024-10-08T19:14:21.461Z,0,,
6706701a98ac07710c36afe5,Convoco vulgus casus bellicus aspernatur cognomen temeritas tenax celo.,Magnam congregatio tendo incidunt solum degenero averto. Adulescens aliquid curia theca angustus quam surgo textor blanditiis. Stipes sapiente eaque concido ubi desino torrens saepe.,122,https://buzzing-sonar.biz/,Data Engineering,2024-10-09T03:06:52.092Z,0,,
6706701a98ac07710c36afe6,Calco degusto confugo dapifer antepono capillus audacia casso volup.,Non comminor cedo velut auctus. Animus venustas alias curtus summisse avarus consuasor. Arma magni tremo thymbra summopere tristis condico.,73,https://frequent-availability.com/,Data Science,2024-10-08T23:55:20.638Z,0,,
6706701a98ac07710c36afe7,Versus caelum sapiente peccatus turpis absum aestas pauci pectus.,Teres deorsum tener confido ventosus supplanto. Crebro cur sopor coma villa tam unde appono. Celebrer dedico aegrotatio articulus reiciendis sponte coma tardus sumptus expedita.,60,https://frank-midwife.org,Data Science,2024-10-08T13:32:37.840Z,0,,
6706701a98ac07710c36afe8,Abutor antea speculum.,Pecco desparatus ancilla assumenda vesica. Aeneus clibanus conspergo subnecto cribro conicio. Spero ab admitto caveo.,63,https://valuable-unit.info,Full Stack,2024-10-09T05:32:37.547Z,0,,
6706701a98ac07710c36afe9,Advenio desparatus amoveo autem curriculum patior volaticus autem speciosus calculus.,Titulus antea amitto. Speculum optio quasi arceo casso aperte bestia. Adflicto tres tripudio cognomen cum careo sumptus.,135,https://watery-pharmacopoeia.org,Full Stack,2024-10-09T00:49:19.304Z,0,,
6706701a98ac07710c36afea,Cupio somnus textor tutamen demergo itaque.,Derelinquo studio ubi tenetur defetiscor conscendo ad. Victoria aer taedium derideo ipsam adsuesco cultura aeger tego sublime. Civitas aetas defaeco.,137,https://trusty-zebra.com/,Full Stack,2024-10-08T17:19:34.740Z,0,,
6706701a98ac07710c36afeb,Congregatio sui utrimque admoneo magnam.,Veritas tres alias deficio adhuc conitor tersus timidus animus. Nam clementia comes minima. Caelum acsi turpis amita.,44,https://dental-lobster.com,Full Stack,2024-10-09T06:35:54.003Z,0,,
6706701a98ac07710c36afec,Desolo aer error cuppedia.,Una argumentum dignissimos acer deorsum solium quis. Agnosco contigo cubitum curso vomito tantum confero succurro clarus. Arbustum crebro balbus delicate truculenter curis a in ullus.,158,https://total-heating.name,Data Science,2024-10-09T02:41:49.447Z,0,,
6706701a98ac07710c36afed,Cogito aggero beatus sordeo spargo consectetur super tactus amo.,Aestas video xiphias. Arma deduco utpote vulticulus. Minima confero repudiandae laudantium decens supellex curo caute tactus.,85,https://incomparable-outlaw.biz/,Data Science,2024-10-08T19:51:09.111Z,0,,
6706701a98ac07710c36afee,Comburo somnus creptio derideo cunctatio tumultus agnosco ater.,Laudantium vallum uredo appono tandem volubilis voluptatibus defetiscor iste. Atqui benigne studio agnitio subseco somniculosus cohors. Versus desipio arca.,98,https://intent-nephew.info/,Data Science,2024-10-09T04:45:57.927Z,0,,
6706701a98ac07710c36afef,Decor abscido temporibus.,Desipio debitis sum. Certus defessus solitudo aspernatur aspernatur suggero rem annus alveus. Deprecator caste blanditiis.,118,https://thorough-summer.net,Full Stack,2024-10-08T23:30:36.464Z,0,,
6706701a98ac07710c36aff0,Culpa admoveo ascit claustrum viriliter apparatus unus iure alii.,Utique audio ait sursum animi. Claro adnuo torqueo aestus laborum deduco tolero voluptatem. Sollicito astrum cogito arma velut.,38,https://inconsequential-pomelo.info,Data Science,2024-10-09T09:32:06.604Z,0,,
6706701a98ac07710c36aff1,Laboriosam terra caelum odit talio chirographum velut vobis enim eligendi.,Capto sed ullus calco defetiscor. Aequus modi admoveo. Ascisco deleo decet.,128,https://jaunty-jogging.name,Data Science,2024-10-09T10:09:59.694Z,0,,
6706701a98ac07710c36aff2,Allatus carcer aperte arto defessus cursus corrigo caput suffoco concedo.,Quisquam suadeo administratio casus. Repudiandae spero cena nesciunt. Sonitus termes usque aegrotatio utrum aveho.,74,https://imaginative-hovercraft.biz/,Data Science,2024-10-08T18:41:57.403Z,0,,
6706701a98ac07710c36aff3,Ascisco ante curvo crur succedo tubineus demum.,Aggero decor arcus deficio. Depereo toties cicuta dolor. Totam uredo est comptus.,86,https://appropriate-sonata.info,Full Stack,2024-10-08T12:50:27.559Z,0,,
6706701a98ac07710c36aff4,Thesaurus claudeo aeneus audio voluptatum aggredior.,Ubi cetera bibo vitium adficio acquiro vespillo adhaero. Unus conservo tertius avarus ab venustas itaque. Constans claro concido civis cupressus.,179,https://outstanding-roundabout.com/,Full Stack,2024-10-09T07:07:23.770Z,0,,
6706701a98ac07710c36aff5,Sustineo repellat vehemens aspernatur audax vallum omnis.,Quia thalassinus consequuntur consuasor custodia tabella verbum teneo. Copia vulgus accendo peior sto suppono fugit tamisium causa. Animus valeo conscendo solutio demulceo.,78,https://pointed-stock.name,Full Stack,2024-10-08T16:25:00.256Z,0,,
6706701a98ac07710c36aff6,Vix cornu aperte adfectus abeo capio.,Depono chirographum deprimo allatus coruscus. Pax vomito traho alias vilis vix venia nesciunt tolero. Vobis cubicularis cervus communis cohaero terreo cerno cupio varius cibus.,52,https://substantial-blowgun.name,Full Stack,2024-10-08T18:13:51.167Z,0,,
6706701a98ac07710c36aff7,Sulum ascit barba attero vacuus arbustum teneo valeo eum utpote.,Arbustum vorax cenaculum barba quod aetas temperantia tyrannus. Calco arbor uter attero denique. Deripio vita anser aliquam victus.,71,https://friendly-massage.org/,Full Stack,2024-10-08T17:34:57.198Z,0,,
6706701a98ac07710c36aff8,Tabernus fuga cornu audio verecundia.,Arbustum libero arbitro spes vitium tego. Usus avarus aggero vix trepide vel texo volubilis curto dolore. Crinis tutis agnosco video suffoco dolor.,123,https://fuzzy-kinase.name,Data Science,2024-10-09T11:17:47.729Z,0,,
6706701a98ac07710c36aff9,Coepi sunt arbor.,Nihil conscendo voluptatibus. Enim triumphus contra cruentus. Voco annus aiunt theatrum textus odit.,130,https://old-fashioned-junior.com/,Data Engineering,2024-10-08T15:22:19.383Z,0,,
6706701a98ac07710c36affa,Comparo statua rem complectus aetas aperiam vestigium.,Auditor abscido quae bonus synagoga. Acceptus utrum tutamen paens paens amo. Adulescens theatrum validus.,47,https://deserted-sauerkraut.net/,Full Stack,2024-10-09T01:54:10.988Z,0,,
6706701a98ac07710c36affb,Casus cursim libero adnuo amitto rerum inflammatio terra.,Vero occaecati aeneus adeptio denuo addo absconditus cupio talio. Impedit solitudo cupressus. Caste dolores rerum strues cilicium carbo bardus.,103,https://judicious-final.info,Full Stack,2024-10-08T15:44:39.613Z,0,,
6706701a98ac07710c36affc,Arbor sponte suscipio barba paens amet clamo bestia depopulo.,Templum quibusdam contigo dolorem. Doloremque curatio abbas sodalitas caecus tristis. Ars quaerat varietas cilicium coniuratio.,31,https://general-hydrant.com/,Full Stack,2024-10-08T17:10:20.647Z,0,,
6706701a98ac07710c36affd,Colligo pauper cilicium deinde suadeo celer derelinquo celo repellat defessus.,Solium contabesco absconditus spiculum aliquam. Cura cetera taceo theatrum sodalitas traho alo amoveo utpote. Urbs tollo anser copiose abscido.,55,https://sparkling-corporation.info/,Full Stack,2024-10-09T10:45:17.610Z,0,,
6706701a98ac07710c36affe,Vix accusamus suasoria suppono.,Tertius volaticus congregatio cunabula corrigo consequuntur varius. Desidero acidus strenuus annus ter verbera. Ventus virgo solus terra celer desipio.,169,https://glittering-gastropod.info,Full Stack,2024-10-09T00:52:28.454Z,0,,
6706701a98ac07710c36afff,Studio tripudio adversus.,Dapifer celebrer minima cognomen turbo. Subiungo ustulo suspendo aqua tutamen aufero. Deleniti aureus cubicularis.,61,https://stormy-pecan.name,Full Stack,2024-10-09T00:58:54.456Z,0,,
6706701a98ac07710c36b000,Ad vox viriliter aranea videlicet crux spiculum claustrum contabesco.,Amiculum vulgaris attollo ulciscor verto cognatus aeternus tabernus subiungo virgo. Sublime asporto vorax aliquam armarium pectus dapifer eaque expedita autus. Vilicus conicio tumultus nulla ustilo.,99,https://expert-comestible.biz/,Data Engineering,2024-10-08T18:47:47.666Z,0,,
6706701a98ac07710c36b001,Tibi amoveo cubo ustilo dolorum compello arcus decipio debilito vallum.,Triduana asper vobis agnitio ocer truculenter tepidus vito. Alius accommodo cariosus turpis accusamus. Deficio vulgivagus cetera aufero advenio voluptate virgo vobis supplanto.,75,https://monstrous-priesthood.name/,Full Stack,2024-10-09T04:47:45.163Z,0,,
6706701a98ac07710c36b002,Summa defleo statim creator stillicidium.,Angulus confido via atqui derelinquo eaque. Trucido eos cinis conduco et ea teneo absum dolorem. Voluptas tenus appositus cicuta est auditor.,175,https://fatal-restaurant.biz/,Full Stack,2024-10-09T10:01:35.254Z,0,,
6706701a98ac07710c36b003,Tremo peior patior aegrus officia volaticus officia conitor vesper ratione.,Tametsi circumvenio corona depereo adnuo. Eligendi advoco virtus adhuc apparatus cito cur acidus crux recusandae. Deripio antiquus blanditiis verumtamen pariatur vinum deputo consectetur ventosus.,124,https://pessimistic-lay.name/,Data Science,2024-10-09T06:48:42.642Z,0,,
6706701a98ac07710c36b004,Cena clamo vorago uredo subseco aer amaritudo illum.,Verecundia culpo creptio corrupti temperantia credo libero conscendo bonus absque. Valetudo condico caries acervus ocer. Tonsor sunt crudelis.,73,https://feline-promise.biz,Data Engineering,2024-10-08T21:17:39.713Z,0,,
6706701a98ac07710c36b005,Totidem ceno desidero tamen.,Cenaculum alienus modi artificiose adsuesco quas auctor. Trucido abbas spectaculum arguo vitium accommodo patrocinor versus contra vix. Video cupiditas aequitas.,72,https://colorful-self-confidence.biz,Data Engineering,2024-10-08T12:00:53.755Z,0,,
6706701a98ac07710c36b006,Odit cupiditas laboriosam sui aggero temporibus.,Sono labore tracto cultellus. Certus creo carcer. Videlicet excepturi somniculosus modi colo apud defungo ultio creber.,175,https://tangible-gradient.name/,Data Engineering,2024-10-08T20:23:41.776Z,0,,
6706701a98ac07710c36b007,Tunc quidem venustas corrigo magni beatae bellum urbs clarus vaco.,Tamen eveniet suscipit trado creo arbor. Cauda adsidue conicio. Viridis summopere cito.,86,https://agreeable-glider.com/,Data Engineering,2024-10-08T12:08:04.880Z,0,,
6706701a98ac07710c36b008,Termes desipio adnuo varius utroque abbas voluptas.,Victus commodi sui cura vita ullam. Cur sulum peccatus votum denuo cognatus atrox. Vobis causa carpo.,158,https://prime-impostor.info/,Data Science,2024-10-09T11:44:26.286Z,0,,
6706701a98ac07710c36b009,Decimus accedo centum ea desparatus allatus ubi color.,Alioqui absens admiratio nihil unus terror vulpes. Audax adeptio calco abduco vomer tripudio uter velum textilis. Amet patrocinor adimpleo amissio statim antiquus.,34,https://sinful-gazebo.net/,Full Stack,2024-10-09T03:45:43.011Z,0,,
6706701a98ac07710c36b00a,Cubicularis statim callide vapulus voveo corona velociter repellat voluptates.,Perferendis esse viscus temperantia teneo. Non stabilis alius voluptas curriculum deprimo teres. Coniecto capitulus eaque.,48,https://awesome-exploration.com,Full Stack,2024-10-09T02:28:15.544Z,0,,
6706701a98ac07710c36b00b,Vomica decet adflicto conatus curiositas quod adsum acsi aeger.,Ipsam substantia cunae stabilis varietas. Vigor vobis cado audax labore constans curia ullus traho. Occaecati cupressus defendo.,49,https://thrifty-community.biz/,Full Stack,2024-10-08T16:30:14.012Z,0,,
6706701a98ac07710c36b00c,Utrimque territo velum cultura adaugeo tergeo.,Adhaero vulgo aurum summopere. Peccatus averto decor certe. Absconditus libero termes exercitationem turba sit.,39,https://grubby-bench.org/,Data Engineering,2024-10-08T19:33:33.646Z,0,,
6706701a98ac07710c36b00d,Tamquam corroboro cubo solutio sustineo apostolus nihil ventosus accendo.,Amiculum suffoco arbustum caelestis aveho video excepturi uredo quos. Tot terebro aequus. Vallum ea terebro stipes tumultus temporibus dicta porro basium.,77,https://noxious-bog.name/,Data Engineering,2024-10-08T22:21:49.433Z,0,,
6706701a98ac07710c36b00e,Depulso doloremque capitulus texo corrumpo cruciamentum agnitio tendo ter.,Adflicto chirographum claudeo crinis coniecto sublime terror via occaecati. Umbra spiritus traho tergum aggredior tabella delego iusto. Attero vinco aestus adipiscor audax aperio comptus spoliatio temporibus campana.,73,https://unwilling-overcoat.info/,Data Science,2024-10-09T03:46:48.719Z,0,,
6706701a98ac07710c36b00f,Bellicus tenuis vociferor adiuvo coniuratio amaritudo iste.,Cribro sodalitas venio apostolus comes conturbo barba. Molestias defessus cura debitis urbs autem vulgivagus adeptio adipiscor ambitus. Delectus voluptatibus theca arx volva aggero cupio antea vir.,38,https://warlike-label.org,Data Science,2024-10-08T12:29:51.719Z,0,,
6706701a98ac07710c36b010,Molestiae civitas convoco accusator arbitro compono sequi acervus.,Congregatio spoliatio celebrer complectus quibusdam tertius. Aggero commodi similique crustulum. Calamitas colligo capto eaque.,107,https://functional-apparatus.net,Full Stack,2024-10-08T23:48:21.894Z,0,,
6706701a98ac07710c36b011,Acidus victoria tempora cado acquiro vox talis.,Arma consuasor doloribus aduro arbitro denuo delego cursus. Validus audeo harum supellex ipsum. Sui adduco trado unde fuga victoria tolero.,172,https://impartial-cash.com,Data Science,2024-10-09T06:35:33.278Z,0,,
6706701a98ac07710c36b012,Venustas quasi accedo circumvenio tenetur quia torrens est.,Tandem curriculum combibo aestus solitudo quis attollo substantia. Modi vobis capitulus abbas teneo appono conatus. Tempus voluptatum thema eum vulgo tego cedo desparatus.,167,https://granular-solvency.info/,Data Engineering,2024-10-08T19:21:38.204Z,0,,
6706701a98ac07710c36b013,Colo tertius creator curia aro conforto clarus trucido iure creptio.,Aestas usus delicate tutis suppono avaritia brevis velum. Tener abutor somniculosus aegrotatio apud. Theatrum turba ullam omnis.,81,https://handsome-descendant.info,Data Engineering,2024-10-08T23:00:02.267Z,0,,
6706701a98ac07710c36b014,Pecco saepe ipsum thema deficio.,Placeat alveus voluptatum. Peccatus accendo conscendo tergeo defluo. Amicitia spargo sumptus adopto velit credo.,40,https://pitiful-castanet.com/,Data Science,2024-10-08T19:00:54.792Z,0,,
6706701a98ac07710c36b015,Audentia conor esse conspergo comedo utrum astrum derelinquo trans tabesco.,Dedico dedecor avarus possimus corrumpo casso ultra. Delibero amplexus deinde sol arcesso deputo deorsum optio. Creber ultio temptatio.,174,https://back-gerbil.org,Data Science,2024-10-08T23:24:24.816Z,0,,
6706701a98ac07710c36b016,Clibanus magni ab conventus deputo aegrotatio.,Colo templum veritas adhuc cunabula bis colo addo. Sortitus vulticulus vir triduana verto coaegresco acidus cena aveho. Celer solitudo defungo abstergo cariosus.,101,https://rewarding-finding.org,Data Science,2024-10-08T15:08:08.530Z,0,,
6706701a98ac07710c36b017,Centum supra communis.,Debilito desparatus territo clamo consequuntur ara apud acidus corrigo. Vulgaris aequitas sollicito. Strenuus vorago quisquam subvenio.,177,https://tricky-schnitzel.biz,Data Science,2024-10-08T21:08:26.624Z,0,,
6706701a98ac07710c36b018,Balbus cupio ancilla.,Caveo usque pectus caute eius cupiditate. Barba nobis valetudo cur tabesco. Valens amplus animus aestus abduco.,173,https://cooperative-complication.biz/,Full Stack,2024-10-09T05:40:46.775Z,0,,
6706701a98ac07710c36b019,Celer deinde tabella ciminatio.,Deprimo capitulus synagoga canis debilito suppellex texo vitiosus acer. Dens soleo confido suffragium. Speciosus delectus aeneus inventore quod sto sophismata consectetur amor cogito.,31,https://well-groomed-swath.net/,Full Stack,2024-10-08T21:48:29.138Z,0,,
6706701a98ac07710c36b01a,Vitiosus copia casus assentator celo termes sublime spoliatio adeo derideo.,Contabesco balbus aperte rem sub bardus. Cimentarius una illo sophismata accedo sit cuppedia. Et talio calco venia id acceptus concido canonicus voluptatum.,128,https://puzzled-place.org/,Data Science,2024-10-09T05:23:22.197Z,0,,
6706701a98ac07710c36b01b,Umerus clamo decipio utor saepe cruciamentum a.,Tunc tempora sulum sumptus attollo calamitas commodo coaegresco. Ab arguo aegrus crastinus. Truculenter condico apto adfectus audax delibero vesco vindico.,51,https://elegant-help.info/,Data Science,2024-10-08T22:59:51.517Z,0,,
6706701a98ac07710c36b01c,Viriliter valde titulus culpa summa mollitia verecundia bellum compello.,Bos cursim caterva tempore certe ante fuga arto terror. Velit urbanus aperiam vulnus valetudo conscendo depopulo vester at. Coma apparatus celebrer cavus.,101,https://elliptical-linseed.info,Full Stack,2024-10-08T23:51:55.361Z,0,,
6706701a98ac07710c36b01d,Casus necessitatibus carcer decor reiciendis adicio umquam ab collum considero.,Teneo terror deripio. Mollitia valens perferendis. Eos terra varius.,108,https://profitable-importance.com,Data Science,2024-10-09T08:08:29.692Z,0,,
6706701a98ac07710c36b01e,Accusamus allatus demoror.,Urbs necessitatibus officiis video sumptus voluptatibus mollitia acquiro veritatis adduco. Uterque alius bellicus blandior casso. Comptus thymbra ducimus minima suffragium paulatim voluntarius beneficium ventito deprimo.,64,https://shy-doing.com/,Full Stack,2024-10-08T16:33:54.014Z,0,,
6706701a98ac07710c36b01f,Ambitus sophismata dedecor ustulo tondeo altus vulgaris animadverto.,Cado appositus alveus deporto ascit comedo appositus laborum decumbo. Cenaculum triduana ait theca. Canis caveo benigne alo.,136,https://pushy-airbus.name,Data Science,2024-10-09T11:48:28.634Z,0,,
6706701a98ac07710c36b020,Articulus accommodo adopto cohaero utroque vomer clamo abscido depopulo.,Curis earum theatrum carus admitto coaegresco adeo aedificium velociter enim. Aro tepesco sunt modi officiis cattus ventus nesciunt claudeo. Adstringo tandem temptatio deinde aeternus comburo aliquam tyrannus terminatio.,147,https://infatuated-pile.name/,Data Engineering,2024-10-08T14:51:59.834Z,0,,
6706701a98ac07710c36b021,Capio coerceo fugit veritas patruus.,Confugo vaco trucido. Cornu commodo centum vergo vomer crinis correptius votum vivo. Volaticus voco audentia ocer ustulo minus voluptas apud adversus.,113,https://hollow-taxicab.com,Data Engineering,2024-10-08T12:57:33.958Z,0,,
6706701a98ac07710c36b022,Volutabrum adulescens stabilis sint basium annus calco.,Adeo voluptate aegrotatio aequus compello. Delibero conscendo cilicium conscendo conspergo. Quibusdam torrens abscido supra subseco rerum argentum.,58,https://compassionate-honesty.name,Data Science,2024-10-09T07:58:45.424Z,0,,
6706701a98ac07710c36b023,Comminor tondeo audeo enim compello degenero vomito succedo.,Arto explicabo tego tertius theologus cubitum amet capio. Animus templum ait temperantia adnuo occaecati ver. Verumtamen provident nostrum sortitus claro cogo sublime tricesimus corona.,156,https://married-knitting.com/,Data Engineering,2024-10-09T08:52:46.196Z,0,,
6706701a98ac07710c36b024,Animus acies vulgivagus ad cursim amo pariatur constans ambulo.,Commodo sursum vado delibero totam tempus allatus despecto adipisci bellicus. Vespillo audacia earum curso unde reiciendis ipsum. Corona adfectus dolores vel cuppedia.,58,https://strident-cuckoo.name/,Full Stack,2024-10-09T09:57:36.745Z,0,,
6706701a98ac07710c36b025,Terreo tamisium conturbo taceo torqueo territo brevis conatus stultus.,Administratio non attero vix. Utroque aqua dedecor ratione. Calcar defetiscor volup vester dolorum tollo utroque.,59,https://electric-section.biz,Data Engineering,2024-10-09T10:10:17.768Z,0,,
6706701a98ac07710c36b026,Constans certe stultus dolorum acceptus amplus vitiosus chirographum.,Sumo admoveo suadeo vir culpo. Demo tergeo vorago. Super accedo fugit amplexus id carpo vix angustus.,106,https://cooperative-overheard.com/,Full Stack,2024-10-09T03:23:12.492Z,0,,
6706701a98ac07710c36b027,Inventore voluptas aliqua spes cogo vitae quam.,Triduana cito soluta cariosus uredo. Debeo communis cui est tres tempora tamen collum torqueo vorax. Demitto ater spoliatio.,88,https://rosy-spring.info,Data Engineering,2024-10-08T21:27:46.524Z,0,,
6706701a98ac07710c36b028,Depereo maiores ullam cena.,Sumo cuius surculus cometes caritas tenus paulatim. Vinco deorsum color vespillo. Adhuc animadverto asper voluntarius cometes cuius minima solutio congregatio.,46,https://trustworthy-castanet.info,Data Engineering,2024-10-08T18:36:20.753Z,0,,
6706701a98ac07710c36b029,Conturbo corrupti delicate aeternus aufero truculenter apostolus.,Cur stips abbas abbas cresco aurum viriliter voco. Sui ulciscor voluntarius. Attonbitus cupiditas somnus thema bibo arcesso charisma cenaculum causa.,132,https://ethical-characterization.biz,Full Stack,2024-10-09T05:00:27.739Z,0,,
6706701a98ac07710c36b02a,Subito soluta demitto debitis vestigium acceptus.,Cresco ante vester abeo. Tamdiu cauda vix dolorem centum pel spoliatio cornu. Succurro approbo tamisium tamisium adfero corrigo denego territo adficio clibanus.,131,https://untidy-birdcage.net,Data Engineering,2024-10-09T07:53:13.301Z,0,,
6706701a98ac07710c36b02b,Aggero trepide desparatus convoco.,Acidus clamo doloribus modi saepe utique damno comis vestigium ademptio. Usitas versus ad. Tenus celebrer thermae usitas autus comedo vehemens.,66,https://gummy-hydrolyse.org/,Data Engineering,2024-10-08T18:41:21.457Z,0,,
6706701a98ac07710c36b02c,Pecco facilis cohaero compono sperno templum maiores verumtamen spargo tergiversatio.,Speciosus veritas desipio. Ambitus color eos tripudio vinco thesis thermae ara. Degusto patruus ventosus derelinquo.,38,https://mature-mallard.org,Full Stack,2024-10-09T04:05:13.487Z,0,,
6706701a98ac07710c36b02d,Synagoga aestus sodalitas vos vulgaris decet tyrannus.,Minima blanditiis traho ventito. Debitis venustas dolore corona. Deripio sopor amoveo accusator bibo tremo itaque.,43,https://massive-contrail.info,Full Stack,2024-10-09T10:59:23.532Z,0,,
6706701a98ac07710c36b02e,Turba vetus tandem.,Unde curis copia rem vir amplexus cariosus sopor complectus ceno. Subseco utor creta adamo. Denuncio eligendi peior supra.,163,https://responsible-hovercraft.name/,Data Engineering,2024-10-08T20:38:05.016Z,0,,
6706701a98ac07710c36b02f,Torrens triduana arcesso cupiditas demoror depereo veritas civitas.,Adfero dolore derelinquo tener. Animus conculco allatus tabernus tergeo id vulnus contabesco vaco. Ullam colo tepesco ipsum accusamus vulpes esse expedita.,56,https://delectable-petticoat.biz,Full Stack,2024-10-09T05:26:32.219Z,0,,
6706701a98ac07710c36b030,Vir atqui saepe cras sopor.,Accommodo asporto territo depopulo adopto. Tamdiu aegrus sophismata coniecto adhuc cultellus decretum architecto vir ducimus. Timidus tabesco ustulo.,126,https://rewarding-status.com/,Full Stack,2024-10-09T00:06:35.617Z,0,,
6706701a98ac07710c36b031,Vulpes crux creber ambitus viridis congregatio terminatio.,Cibo somniculosus decimus. Delinquo conculco inflammatio utrimque abundans creator quod cuius terra. Sursum thema facilis denuo cubo vespillo audeo.,154,https://nautical-blight.com/,Data Science,2024-10-09T05:25:55.312Z,0,,
6706701a98ac07710c36b032,Suffoco arbustum claustrum aduro adfectus.,Creo nihil super tempora curriculum vero illum derelinquo bellicus corona. Theca amor agnosco illo deinde bonus caries somniculosus. Adsuesco quisquam earum.,174,https://pastel-behest.biz,Data Engineering,2024-10-08T19:38:39.260Z,0,,
6706701a98ac07710c36b033,Suppono vomica ara armarium totam.,Molestiae ultio absque paulatim bardus amissio. Decretum tamdiu cur aliquam urbs conatus consuasor. Verbum cohaero explicabo.,153,https://discrete-understanding.com,Data Engineering,2024-10-08T12:27:45.072Z,0,,
6706701a98ac07710c36b034,Quaerat solutio adipiscor supellex peccatus.,Comptus aestas et corona unde defluo quibusdam debilito uberrime. Culpa brevis dedecor corroboro bardus consequuntur creta. Tempore atrocitas volubilis terror tollo beatus contra teneo armarium.,177,https://beneficial-disconnection.org,Full Stack,2024-10-08T23:42:31.991Z,0,,
6706701a98ac07710c36b035,Sub cernuus denique vigilo voveo arguo.,Cetera clementia accedo optio bellicus tabella delectus abeo absum centum. Subseco tamquam magnam. Video capto varius cum comitatus suasoria tantum ustulo spoliatio.,75,https://trusty-responsibility.org/,Full Stack,2024-10-09T11:31:07.224Z,0,,
6706701a98ac07710c36b036,Credo benevolentia velociter candidus cibo tenax tot.,Eius tibi eveniet curto. Statua vel templum vado officiis. Attollo natus colo.,47,https://remarkable-cinder.name/,Data Engineering,2024-10-09T07:40:58.247Z,0,,
6706701a98ac07710c36b037,Synagoga anser credo illo thema arx ad supellex ulciscor assumenda.,Curiositas temporibus arto vitiosus adflicto ager. Addo angustus ademptio deputo dolorem adnuo alii suscipio temporibus. Aperiam sapiente adinventitias barba torqueo vergo aeger curvo.,38,https://second-hand-wombat.com,Data Engineering,2024-10-09T05:03:45.445Z,0,,
6706701a98ac07710c36b038,Nulla nostrum barba degero doloremque dignissimos.,Recusandae coruscus aranea debeo curto depono verbum. Tum umbra advenio maiores suppellex abstergo antepono quisquam. Coerceo amo suasoria maiores accusantium deleniti.,49,https://major-sediment.org,Data Engineering,2024-10-08T16:11:25.653Z,0,,
6706701a98ac07710c36b039,Vae compello complectus vinitor subito decens.,Officiis civis curtus clam aufero. Tabula convoco patrocinor aperiam arbitro. Adiuvo decipio defleo.,81,https://idealistic-minion.com,Full Stack,2024-10-08T20:00:23.652Z,0,,
6706701a98ac07710c36b03a,Eos aliqua delinquo decor odit cogito.,Tumultus beneficium tero tam viriliter canto deleo adipisci. Demo pel aeger allatus cauda decumbo architecto uxor contigo tonsor. Culpa bis compono adfectus tricesimus aperte.,33,https://concerned-thongs.org,Data Science,2024-10-09T04:35:43.712Z,0,,
6706701a98ac07710c36b03b,Temporibus asper arma ubi.,Dapifer sollicito corona nobis deporto addo laudantium officia abscido unde. Vobis damno rerum coruscus subseco. Pauci thesis spiritus iusto incidunt absque conculco vomer patior appositus.,46,https://ethical-publication.net/,Data Engineering,2024-10-08T19:00:52.086Z,0,,
6706701a98ac07710c36b03c,Tersus anser corpus claudeo mollitia.,Derelinquo degero vester advenio voluptas aiunt beatae. Confido ara spargo minima universe tamisium canto quis tripudio. In testimonium vado truculenter basium corpus caput commodo coerceo.,104,https://square-outlaw.biz/,Full Stack,2024-10-08T14:53:35.294Z,0,,
6706701a98ac07710c36b03d,Cotidie talio verus temperantia calcar dolorum ascit vivo.,Depraedor tunc condico tenax socius dapifer caute eum cum somniculosus. Toties vinum temeritas video calculus pauper abscido teneo. Occaecati tyrannus civis vox tamdiu capillus aequitas depono.,142,https://rosy-term.org/,Data Science,2024-10-09T01:33:50.960Z,0,,
6706701a98ac07710c36b03e,Torqueo suscipio temeritas depulso temptatio quia nemo est.,Virgo cras tripudio patruus stips. Trepide cunctatio deorsum facere carmen. Adulescens arbor perspiciatis crastinus auxilium clarus absens addo.,56,https://overcooked-fuel.com/,Data Science,2024-10-09T01:15:10.141Z,0,,
6706701a98ac07710c36b03f,Bonus comburo pariatur apparatus.,Caterva desparatus tum alius thymum tenuis. Architecto considero sortitus clam calculus assumenda umquam velit. Timor tergo angulus catena temporibus tenax tristis.,140,https://slight-ethyl.com/,Full Stack,2024-10-08T20:46:20.470Z,0,,
6706701a98ac07710c36b040,Ver vix speculum arcus sumo accendo subvenio acies urbanus magni.,Approbo spoliatio spiritus cura modi spero vitiosus aduro somnus. Charisma vester desipio thesaurus. Amplus audentia coniecto barba corrumpo.,145,https://cloudy-punctuation.name,Data Engineering,2024-10-08T22:34:41.803Z,0,,
6706701a98ac07710c36b041,Delego cognomen patior cotidie cicuta spectaculum verus cetera.,Succurro surculus non vulgivagus comprehendo quas solus. Atqui demum claustrum triumphus voluptatibus cito cunabula. Trucido crustulum cavus argumentum comminor porro vesco bonus sed.,63,https://silky-velocity.name,Data Science,2024-10-09T04:32:23.384Z,0,,
6706701a98ac07710c36b042,Defetiscor spoliatio eos chirographum charisma.,Conturbo tripudio vito correptius bibo earum decet adduco coepi cum. Tremo vos adulescens. Ex similique tunc deleniti ars tametsi adstringo.,107,https://reflecting-disconnection.info,Full Stack,2024-10-09T08:30:46.889Z,0,,
6706701a98ac07710c36b043,Vehemens cornu crudelis voluptatem aegrus virtus cohaero vacuus.,Adamo via aestivus alter clibanus bos cunae. Demum aggredior pecto pecto quis accommodo virga acies sono cinis. At antea uredo corroboro.,54,https://moral-pepper.org,Data Engineering,2024-10-09T02:49:29.422Z,0,,
6706701a98ac07710c36b044,Combibo admiratio suffoco.,Curo minus suasoria acceptus ipsa atrocitas vestrum. Fuga vix deleo statim admoveo. Aequitas torqueo rem culpa arbor totam paens capitulus.,177,https://frozen-bin.name/,Data Science,2024-10-08T17:42:28.010Z,0,,
6706701a98ac07710c36b045,Perspiciatis arto mollitia audio sponte valetudo curtus cursus.,Velut custodia vado ter. Canis agnosco ulciscor sol. Ager vallum comes vero demulceo argentum.,54,https://homely-tomb.info/,Full Stack,2024-10-09T04:56:16.498Z,0,,
6706701a98ac07710c36b046,Considero triduana speciosus tui civis vindico.,Valetudo cribro cuius id thesaurus magnam absque canis. Demitto praesentium cogito architecto. Verbum titulus spoliatio admiratio spoliatio.,141,https://second-backburn.com/,Data Science,2024-10-09T10:53:32.600Z,0,,
6706701a98ac07710c36b047,Suffoco cubo conqueror reiciendis cicuta eius verbera vir arto.,Urbs demergo comminor. Adstringo aspicio adamo delego vapulus caput cometes vesper. Cohaero usque pel atrox voluptas.,95,https://likable-vibraphone.info,Data Science,2024-10-09T07:13:40.746Z,0,,
6706701a98ac07710c36b048,Solus agnosco truculenter sto capitulus fugiat porro vicinus.,Defendo curo pecus verto cohors bellicus avaritia. Sursum vinco degero civitas averto carus conicio dolore. Minima adipiscor desparatus canto circumvenio tonsor animadverto.,117,https://linear-boulevard.net/,Data Engineering,2024-10-09T00:38:34.817Z,0,,
6706701a98ac07710c36b049,Adipisci ab sperno exercitationem maxime.,Vesica officia nostrum vester adversus minus cras videlicet. Adflicto volup advoco thalassinus. Vitium summisse alo viscus.,77,https://cruel-amnesty.com/,Data Engineering,2024-10-08T15:44:46.651Z,0,,
6706701a98ac07710c36b04a,Alias vaco comparo vinco ipsam considero.,Solum turbo addo vetus balbus decor statua capio curriculum. Annus comminor utor cauda cupressus tyrannus. Esse ager adversus defessus tamisium.,30,https://grave-bungalow.org/,Data Engineering,2024-10-09T11:58:10.212Z,0,,
6706701a98ac07710c36b04b,Arbitro summa vesica celer corrumpo laborum quod.,Exercitationem ubi praesentium circumvenio crebro conspergo deleo. Tametsi talis candidus toties cilicium vito audacia sponte. Avaritia bene tutamen demulceo angulus.,61,https://grim-exterior.name,Data Science,2024-10-08T21:25:17.679Z,0,,
6706701a98ac07710c36b04c,Comprehendo cado curo aspernatur utrimque vita corrigo itaque umbra.,Clam cursus deinde aro. Admitto cupio absens hic stella ulciscor stips sumo apparatus decor. Comis vobis debilito cursim.,47,https://cute-place.org/,Data Science,2024-10-08T22:09:59.017Z,0,,
6706701a98ac07710c36b04d,Tui synagoga cedo.,Super reiciendis cultura viduo ea usitas carcer tres eaque. Summisse balbus thalassinus optio. Inventore rerum cura.,121,https://glorious-palate.net/,Full Stack,2024-10-09T00:45:47.753Z,0,,
6706701a98ac07710c36b04e,Theatrum termes aeternus vulgus tersus trans theatrum vulnero circumvenio.,Suadeo omnis porro cunabula utrimque. Excepturi denego caput defluo tergeo. Coma timor natus absque.,86,https://raw-ecliptic.info/,Full Stack,2024-10-08T16:50:24.769Z,0,,
6706701a98ac07710c36b04f,Deduco ante curto.,Conculco crinis decet compono ambulo. Basium vomer recusandae corroboro conitor. Delibero admoneo eaque thymum.,100,https://rectangular-developmental.info/,Data Science,2024-10-09T10:37:06.757Z,0,,
6706701a98ac07710c36b050,Commemoro admoveo tergum defluo attonbitus xiphias argentum umquam apostolus strenuus.,Aeger ver fugiat sordeo teres ustilo iure vicinus vinco desolo. Curo abscido magnam aperte vitium caelestis vigilo natus ullus. Coniuratio adduco clibanus aestus audacia tamisium studio cumque curo arx.,129,https://sparkling-manner.org/,Data Engineering,2024-10-09T10:55:41.935Z,0,,
6706701a98ac07710c36b051,Consuasor decumbo laborum vapulus viduo uter amitto.,Suus ars vitiosus capio. Usus creator viduo inventore comprehendo. Nisi synagoga correptius teneo ustilo quia casus curis vel.,47,https://blaring-unique.net,Data Science,2024-10-09T04:25:10.229Z,0,,
6706701a98ac07710c36b052,Acervus curso ambulo thorax.,Umquam cupiditate vomica pecto coadunatio aperiam synagoga cado. Carpo demens patrocinor carmen amoveo vestigium. Tergiversatio natus aetas verus suggero.,157,https://entire-crest.info/,Full Stack,2024-10-09T02:01:12.863Z,0,,
6706701a98ac07710c36b053,Aufero defleo amita dolor.,Accommodo dolores tardus cometes cupiditas congregatio crinis tepidus undique. Delicate defungo quisquam. Aurum accusator stultus atque.,43,https://slushy-puppet.info/,Data Engineering,2024-10-09T03:58:22.864Z,0,,
6706701a98ac07710c36b054,Conturbo credo consectetur adopto viscus aggredior.,Abduco aqua xiphias corpus sui viriliter. Talio voro trepide callide culpo advenio celo turbo tamen. Creta ver laboriosam casus viscus amplus defungo sono.,90,https://reflecting-summer.org,Full Stack,2024-10-08T17:03:57.324Z,0,,
6706701a98ac07710c36b055,Bibo amicitia urbs volva cito pecus beneficium.,Caries amplus accusantium amaritudo aureus tredecim vestrum. Animus aspicio et cicuta conservo. Asper assentator adicio crudelis auctor tonsor.,122,https://superior-nectarine.com/,Data Engineering,2024-10-08T22:13:55.880Z,0,,
6706701a98ac07710c36b056,Autus sufficio ars voro.,Delinquo cunabula amplitudo defero aut verbera tandem adsum. Vesper aer adflicto corpus. Volubilis alias vinco.,71,https://spotless-import.com/,Data Engineering,2024-10-08T18:27:14.473Z,0,,
6706701a98ac07710c36b057,Abeo crapula vis tamisium similique benevolentia suspendo.,Sum cohibeo a vestrum territo cauda sono. Tempore cubo voluptatum succedo deporto amet. Peior venio adflicto.,88,https://shady-sweatshop.org,Data Science,2024-10-08T17:41:25.182Z,0,,
6706701a98ac07710c36b058,Adflicto volutabrum tantillus victus creptio.,Cruciamentum vir sed delectatio tumultus dolorum agnitio sapiente porro correptius. Audio damno paulatim voveo cotidie defendo allatus tenuis antiquus aequus. In talis tenax termes cras adfero adhuc agnitio vox.,110,https://superficial-relative.net/,Data Science,2024-10-08T14:43:23.981Z,0,,
6706701a98ac07710c36b059,Vulpes quas aduro subvenio vergo utroque.,Tantillus tabula amita atque agnitio accedo. Denuncio certe basium velum attonbitus est tot. Aperte pauci verus terminatio teneo corona conculco.,37,https://untimely-settler.name,Data Science,2024-10-08T16:00:32.239Z,0,,
6706701a98ac07710c36b05a,Audeo voluptatem molestias apostolus tergiversatio culpo.,Spectaculum sol tamen pax vitium laborum vehemens. Armarium adeo carcer tenuis dicta cariosus conventus sponte deserunt velociter. Cunae sed nemo thesis ipsa umquam tabesco carbo.,160,https://cuddly-knickers.biz,Data Science,2024-10-09T05:16:14.842Z,0,,
6706701a98ac07710c36b05b,Cuppedia tabernus accedo quibusdam vereor amitto.,Conqueror speculum tonsor cubitum carcer blanditiis. Tandem combibo ultra cunae cur defero adipiscor dolorum nesciunt ventus. Statim omnis dolorum defleo.,49,https://raw-hawk.name/,Data Engineering,2024-10-08T19:03:56.848Z,0,,
6706701a98ac07710c36b05c,Aestivus asperiores vaco esse.,Tot spectaculum vilis corona. Textor speculum certe. Concedo studio varietas.,115,https://rectangular-lid.info,Data Engineering,2024-10-09T04:39:55.908Z,0,,
6706701a98ac07710c36b05d,Tremo iste umquam comburo.,Canis somniculosus admoveo tenuis decerno. Studio ultra timidus. Demitto cunae vulariter solitudo vesco.,130,https://smooth-millet.name,Full Stack,2024-10-09T03:37:15.537Z,0,,
6706701a98ac07710c36b05e,Molestiae eaque cunae tenax odit causa avaritia acervus supra careo.,Tonsor derideo aiunt carmen ducimus sortitus ut baiulus corrigo defaeco. Accusator tergum tantum. Admoveo tantum pecus accedo cubicularis vero harum victus.,136,https://lavish-hovel.com/,Full Stack,2024-10-09T04:30:54.106Z,0,,
6706701a98ac07710c36b05f,Pel sui aspernatur trado cultellus cruciamentum patruus despecto cognomen.,Super sursum aetas bardus deserunt viriliter vigilo eos. Tempora suspendo addo earum bonus laborum. Atrox calculus solitudo abutor acquiro avaritia decimus astrum.,150,https://boiling-jellyfish.org,Data Science,2024-10-09T06:52:09.012Z,0,,
6706701a98ac07710c36b060,Eveniet harum tutis.,Talis consectetur toties bibo dedico triumphus patrocinor. Vitae blanditiis nesciunt defleo tener substantia nesciunt corpus tabesco. Aetas virtus vilis suppono vado dolore consuasor tumultus asper suggero.,176,https://doting-descendant.info/,Full Stack,2024-10-08T20:31:08.968Z,0,,
6706701a98ac07710c36b061,Vesco velit appono.,Amplus urbs taedium amitto confero patrocinor appositus tertius talus vos. Calco delego adficio sit avaritia. Campana amet appono concido calcar quaerat aliquam damnatio.,36,https://usable-king.net/,Full Stack,2024-10-09T08:35:50.038Z,0,,
6706701a98ac07710c36b062,Tepesco quidem defluo vigilo adsuesco.,Copiose succedo pectus thesaurus aliquid. Curriculum torqueo voro usus delinquo varius tego. Tabella ipsa deserunt adeo celebrer tendo facere optio.,94,https://deep-cork.info,Full Stack,2024-10-09T07:09:05.243Z,0,,
6706701a98ac07710c36b063,Supplanto cursim consequuntur.,Sulum tergo thorax terra ipsam placeat. Deludo asporto ipsa caterva cresco validus tonsor. Terra debilito blandior concido calcar territo cohibeo abundans.,35,https://excitable-mallard.net,Data Engineering,2024-10-08T13:35:00.979Z,0,,
6706701a98ac07710c36b064,Suppono quam suffragium voluptate subseco appono suffragium sufficio.,Undique crudelis derideo dolor tracto vitium curatio. Ars deleo clementia cunabula vesica ago incidunt vel decretum. Trans tempora defetiscor sunt statua quam circumvenio admitto.,31,https://unaware-instruction.info/,Data Science,2024-10-09T04:45:25.055Z,0,,
6706701a98ac07710c36b065,Tabula adicio thalassinus dignissimos caput vestigium tibi denuo una.,Utilis approbo aliquam deduco victus vox viduo crepusculum uterque quae. Campana currus aeneus aliqua. Ait caritas numquam necessitatibus ipsa clarus thesis.,99,https://urban-fraudster.biz/,Data Engineering,2024-10-09T07:44:51.221Z,0,,
6706701a98ac07710c36b066,Minima altus sed aliquam theca barba acceptus tempus ventito vesper.,Cicuta dolor balbus timor titulus curia atqui. Tristis suffragium amoveo crepusculum viridis basium delectus reiciendis crux. Pauci arceo depraedor.,114,https://stained-antelope.net,Data Science,2024-10-09T00:41:26.449Z,0,,
6706701a98ac07710c36b067,Cui vel comprehendo thymum defessus minus adflicto deinde canto sodalitas.,Civis at succedo caelestis impedit ascit odit ambitus concedo. Armarium ars consequatur comedo tabgo verus odio vomito cribro. Solitudo ambitus aestus ademptio.,45,https://harmful-halt.info/,Data Science,2024-10-09T09:14:22.486Z,0,,
6706701a98ac07710c36b068,Cena utilis dolor venustas cruciamentum ubi conservo.,Sit titulus surgo taceo defero sum qui tergum dicta adipiscor. Terreo volubilis tristis illum velum illo facilis. Aurum sulum degenero coma decerno veniam sodalitas.,74,https://secondary-seal.org/,Full Stack,2024-10-08T16:14:46.748Z,0,,
6706701a98ac07710c36b069,Causa uter decimus sulum.,Quod vox defetiscor. Antiquus viscus caecus. Celebrer ultio aureus.,139,https://courteous-heartache.com,Full Stack,2024-10-08T19:40:19.413Z,0,,
6706701a98ac07710c36b06a,Ager vulgo audax vito asper tutis.,Adnuo argentum bardus ut caelum corrumpo officia. Custodia accusamus deprecator defetiscor denuo pariatur demulceo. Suscipit compono molestiae conspergo contra.,91,https://gray-formamide.com,Data Science,2024-10-08T14:28:21.401Z,0,,
6706701a98ac07710c36b06b,Statim usitas voveo adsum cognomen eaque.,Truculenter surculus vulticulus ad theatrum aspicio illo tumultus calamitas deripio. Colligo beatus cunctatio. Corpus terga carcer tero copia.,61,https://humble-median.info/,Data Engineering,2024-10-09T09:26:23.055Z,0,,
6706701a98ac07710c36b06c,Vomica deleo cotidie contabesco incidunt.,Statua aeneus viscus arma abduco in bene inflammatio agnitio curtus. Inventore somnus angelus. Abundans cursim vulgus coniecto sumptus debitis.,176,https://superficial-hospitalization.com,Data Engineering,2024-10-08T16:20:35.756Z,0,,
6706701a98ac07710c36b06d,Cultellus depono sublime articulus rerum terra.,Adflicto vulgo ars sol peccatus conor fuga aut. Demitto abduco molestiae decimus. Temptatio urbs caelestis decens adversus strenuus desidero circumvenio.,179,https://hefty-schnitzel.biz,Full Stack,2024-10-08T17:00:53.691Z,0,,
6706701a98ac07710c36b06e,Cogito sufficio argentum auxilium torqueo.,Sursum assumenda coma suspendo amet absorbeo. Comparo tenax tenetur adsidue aqua spiritus taedium adsidue validus. Tabella cariosus adipiscor desparatus crinis cotidie audio pariatur inflammatio.,179,https://idealistic-creator.biz,Data Engineering,2024-10-08T17:18:41.001Z,0,,
6706701a98ac07710c36b06f,Coaegresco stultus ea ancilla cognatus alioqui comminor cruciamentum strues solus.,Eius decimus suscipio curtus. Spero termes adhaero delectus explicabo tondeo clam. Denique ipsa appositus calcar thesaurus ver.,172,https://joyful-vanadyl.name/,Data Science,2024-10-09T03:58:35.689Z,0,,
6706701a98ac07710c36b070,Cunctatio apostolus confero eum auxilium.,Comis aut audio careo antepono attero rerum. Adsum amissio complectus vitiosus cerno sui solitudo versus textilis. Cervus ullus succurro quasi denego strues vilis blandior atrocitas sulum.,178,https://grizzled-horde.org,Data Engineering,2024-10-09T03:09:20.831Z,0,,
6706701a98ac07710c36b071,Consequatur arbor laboriosam deripio trans.,Ab concido terebro admiratio defaeco. Vaco universe adsum charisma aequitas administratio. Solutio vinculum adimpleo tergiversatio terga.,145,https://taut-amnesty.name,Data Science,2024-10-08T13:57:36.183Z,0,,
6706701a98ac07710c36b072,Adiuvo ipsum delego virtus.,Amplexus tremo solitudo suffragium carus temeritas accendo. Sollers adficio incidunt conduco depraedor. Eveniet tertius id sollicito tenetur.,68,https://well-groomed-icebreaker.info,Full Stack,2024-10-08T20:55:14.094Z,0,,
6706701a98ac07710c36b073,Vilicus totidem culpa statim.,Vorago vaco autus autem cedo defluo spoliatio. Accusamus surgo coniecto auxilium comminor in impedit supellex. Aliquid adficio claustrum anser videlicet tergum quasi velut vulnus timor.,61,https://foolhardy-guide.com/,Data Engineering,2024-10-08T13:36:58.793Z,0,,
6706701a98ac07710c36b074,Quo beatae molestiae deduco id studio utroque.,Adulescens itaque addo paulatim voluptatem aegrotatio dens. Articulus spargo suggero voco ultio. Creator versus vobis suppono.,58,https://submissive-breastplate.net/,Data Engineering,2024-10-09T07:05:26.272Z,0,,
6706701a98ac07710c36b075,Demo anser vespillo vorax balbus bos aufero tutis quod.,Circumvenio delego tutis adopto sapiente alioqui. Succedo tergo curso reprehenderit apostolus acervus animus id. Verecundia sed cedo libero tolero quibusdam calcar tunc amplitudo spargo.,106,https://outstanding-lace.info/,Data Science,2024-10-08T18:48:30.200Z,0,,
6706701a98ac07710c36b076,Tristis venia explicabo deprimo.,Culpa coniuratio undique vinculum nam celo casus. Textus amet asporto arma talio vulpes abscido. Dicta viscus terminatio subnecto depopulo.,127,https://energetic-farmer.biz/,Full Stack,2024-10-08T16:25:54.357Z,0,,
6706701a98ac07710c36b077,Caste cervus dolore coepi angustus commodi pel.,Aperiam video ubi. Verus arma repellendus atqui cubicularis. Claustrum vicinus aqua reprehenderit.,147,https://metallic-baritone.net,Data Science,2024-10-09T05:15:15.962Z,0,,
6706701a98ac07710c36b078,Tenax crepusculum ipsa similique surgo trucido animus demonstro.,Ducimus abbas crepusculum decipio. Excepturi sursum substantia apostolus audacia vetus charisma. Nostrum coerceo auditor vitae sumptus.,161,https://rowdy-government.biz/,Full Stack,2024-10-09T11:10:33.545Z,0,,
6706701a98ac07710c36b079,Canis trepide tibi nulla velut talus certus vinculum textus.,Tenuis ascisco tenus contra. Utpote aer caste. Tenax aqua angustus delibero statim.,162,https://courteous-necklace.name/,Data Engineering,2024-10-09T01:38:32.711Z,0,,
6706701a98ac07710c36b07a,Quae adduco caute solitudo tempus totidem crudelis valetudo timor.,Taedium est carcer campana perferendis aestus. Adhaero aeternus absens victoria amita crux quas vespillo. Textilis quod quod tendo aestus altus absorbeo iusto adsum cena.,82,https://animated-cornet.net/,Data Engineering,2024-10-08T23:15:01.278Z,0,,
6706701a98ac07710c36b07b,Quibusdam defendo cilicium.,Ars desparatus cilicium officia ad coepi velociter. Catena aer volva agnitio sustineo defessus verecundia. Auditor astrum terra laboriosam virgo solus audax ver quasi ager.,52,https://bad-mantua.net/,Full Stack,2024-10-09T00:53:07.767Z,0,,
6706701a98ac07710c36b07c,Arbor porro illum creta annus acquiro utor atavus.,Comprehendo coruscus claudeo. Viridis repudiandae adipisci tardus clam cetera venustas rerum. Depopulo sonitus decipio dolore textor tabesco.,57,https://innocent-roadway.name,Data Engineering,2024-10-09T08:15:17.036Z,0,,
6706701a98ac07710c36b07d,Fuga certe cura soleo officia.,Autem confero considero approbo. Uredo corona consequatur adflicto vallum. Annus defessus spiritus civitas adhuc.,90,https://gorgeous-baritone.biz/,Data Science,2024-10-09T07:49:43.503Z,0,,
6706701a98ac07710c36b07e,Tardus quae teres iste administratio repudiandae trans sit adhaero apparatus.,Valetudo tamen cupiditate conventus amplus alioqui doloribus. Vero versus accedo. Alii volva utrimque tenuis suppellex urbs vicinus aperiam uterque.,84,https://flashy-vestment.org,Data Science,2024-10-08T18:59:19.472Z,0,,
6706701a98ac07710c36b07f,Aduro ara arma.,Pauper valde vulnus tum vorago vitium bibo bonus tametsi tunc. Cubicularis certe pecto excepturi uter peccatus. Titulus ceno canonicus tantum uxor adicio.,169,https://muffled-sauerkraut.biz,Data Engineering,2024-10-08T16:47:56.634Z,0,,
6706701a98ac07710c36b080,Concedo neque aperiam.,Victoria tactus careo calculus corrumpo acervus cenaculum impedit claustrum. Sublime volo tergo somniculosus viscus ago sui. Voco vulgaris attollo umbra tergo certus sto arbustum umquam.,34,https://lonely-brush.net/,Full Stack,2024-10-09T01:03:06.683Z,0,,
6706701a98ac07710c36b081,Tandem blanditiis adsum admitto molestias vicissitudo.,Acervus tantum ante versus aequitas. Aggero derideo modi vir suffoco bos clarus. Absconditus deleo solio usitas solio nisi turbo tenax.,56,https://wicked-lawmaker.com/,Data Science,2024-10-09T06:52:59.706Z,0,,
6706701a98ac07710c36b082,Thema cupio desidero censura sponte cibus caput cena tubineus enim.,Voco degero venio viscus strues comparo demergo sunt administratio. Vitiosus carmen aestus depulso templum bonus stella asper aspernatur dignissimos. Volo nemo ater beatus cuius thymum.,96,https://delicious-cutlet.org/,Data Science,2024-10-09T02:32:13.464Z,0,,
6706701a98ac07710c36b083,Cupiditas vacuus ratione amet aestivus vorago sollers.,Vindico stella caelestis cunctatio coepi thesis ubi trado quam velociter. Dedecor strenuus absum turbo caelestis nesciunt. Cultellus bellicus tribuo sui aspernatur combibo.,63,https://subdued-conversation.biz/,Full Stack,2024-10-09T04:14:56.671Z,0,,
6706701a98ac07710c36b084,Tantillus aliqua apto abutor cognomen.,Caute stabilis urbanus surculus. Explicabo undique substantia audeo terra spectaculum sortitus denique. Aiunt curo ducimus color calculus arx derideo adversus occaecati suffoco.,180,https://insidious-designation.biz/,Data Engineering,2024-10-09T03:39:16.286Z,0,,
6706701a98ac07710c36b085,Catena arguo cupiditate angelus videlicet civis eligendi.,Terga audeo amor turba anser. Cibo vomica porro textor acidus creator. Impedit solium abduco temeritas turpis angustus.,167,https://phony-disappointment.info/,Full Stack,2024-10-09T05:40:19.701Z,0,,
6706701a98ac07710c36b086,Tergum subito sufficio reiciendis celo via temporibus venio degero asper.,Vaco tutamen audentia. Ex utroque suadeo tribuo vicinus autus arto tergiversatio aequus decet. Vulnus tunc deprecator aurum.,179,https://noted-mentor.info,Data Engineering,2024-10-09T09:57:17.734Z,0,,
6706701a98ac07710c36b087,Audio ustulo deserunt conforto delectatio theologus officiis tripudio undique conatus.,Illum excepturi decor tribuo depereo cohors varius a. Fuga aestus impedit conscendo subseco. Trepide baiulus trepide umerus vaco aestivus testimonium solum.,124,https://lost-swath.name,Data Engineering,2024-10-09T06:42:47.662Z,0,,
6706701a98ac07710c36b088,Ante crastinus vinculum solutio molestiae collum suspendo corrigo laudantium aro.,Solium sufficio venustas. Admoneo tracto patior clarus agnitio. Depraedor esse abscido crustulum ver deludo venia accusator condico.,66,https://well-made-wear.com/,Full Stack,2024-10-08T14:56:23.819Z,0,,
6706701a98ac07710c36b089,Quas maxime antea uxor decipio deprecator quisquam totus volva eligendi.,Certe creo arx. Calco audeo vel surgo. Cetera turpis solutio comminor vae canis vester vivo asperiores.,85,https://uneven-certification.com,Data Science,2024-10-09T02:02:40.157Z,0,,
6706701a98ac07710c36b08a,Volaticus patria admoneo totam termes.,Vulgo bardus thorax. Adhuc talis amor attollo dolor attonbitus aliquid cotidie. Aptus adduco qui amitto totidem quia esse angelus.,107,https://tender-cantaloupe.name,Data Science,2024-10-08T15:39:33.262Z,0,,
6706701a98ac07710c36b08b,Confido quod tibi vinculum carus.,Demum canto aer. Alioqui tondeo coepi toties quia conspergo. Amiculum corporis triduana laudantium comprehendo solitudo comis doloribus culpo communis.,154,https://sizzling-effector.biz/,Data Science,2024-10-09T06:01:55.260Z,0,,
6706701a98ac07710c36b08c,Natus dedico spoliatio a cunabula soleo.,Alias decens suppellex inflammatio vetus desidero quis. Patior undique facere unus. Argentum distinctio sit assentator spiritus.,140,https://reflecting-soliloquy.biz,Data Engineering,2024-10-09T09:22:29.909Z,0,,
6706701a98ac07710c36b08d,Solio vestigium balbus dens.,Varietas peccatus subnecto vulticulus triumphus texo distinctio somnus armarium. Concido corpus substantia succedo utor unus absconditus thymbra. Subito sapiente allatus articulus cognatus tepidus creo.,66,https://early-glider.org,Full Stack,2024-10-09T11:38:56.386Z,0,,
6706701a98ac07710c36b08e,Cimentarius casus ambulo ver tamquam caveo nihil quaerat conatus vulnus.,Cupiditas solum color baiulus considero aperio. Sono cernuus strenuus adsuesco alienus crux spoliatio vereor turbo. Patruus et inventore neque.,54,https://sticky-earth.net,Data Science,2024-10-08T14:17:13.433Z,0,,
6706701a98ac07710c36b08f,Sed fugit tui officiis.,Cohaero infit corrupti cupiditas currus ater addo capitulus defessus. Vetus tristis tergiversatio tonsor vergo cunctatio deputo tepesco eos confero. Cupio adaugeo perspiciatis campana aliqua termes aegre urbanus canis depopulo.,165,https://tiny-polarisation.info,Data Science,2024-10-09T06:46:17.592Z,0,,
6706701a98ac07710c36b090,Vinco uredo sunt sequi admoneo statua desolo solitudo cenaculum totam.,Aggero argumentum surculus corrupti accusantium sollicito summopere. Nostrum accendo cresco. Studio cultura auctor.,147,https://any-poppy.com/,Data Engineering,2024-10-08T23:23:05.243Z,0,,
6706701a98ac07710c36b091,Tantillus maxime defendo conturbo eligendi spes vox catena statim placeat.,Cupressus corrupti uredo cubitum. Reprehenderit capio eaque. Celo atrocitas bardus demens deleniti.,67,https://robust-rawhide.info,Data Science,2024-10-09T03:03:07.569Z,0,,
6706701a98ac07710c36b092,Dolore callide valetudo consectetur.,Amor vulgo amet sordeo clam laborum. Coadunatio clam adsidue certus verumtamen testimonium acer volup coepi. Convoco defero coniuratio deripio annus callide trucido.,95,https://bare-polyester.biz,Data Engineering,2024-10-09T01:55:56.551Z,0,,
6706701a98ac07710c36b093,Ventus fugit curia tremo.,Acceptus arceo odio desparatus cupiditas illo aperte arcesso abeo quidem. Deripio dapifer suffragium. Ambulo terebro vacuus vere tersus.,108,https://determined-gym.biz,Full Stack,2024-10-09T07:19:43.798Z,0,,
6706701a98ac07710c36b094,Claustrum crur triumphus approbo id vere.,Creptio attero decerno cuius. Vulnero copia cupressus beatae copiose paens adulescens assumenda. Utrum curiositas sui attollo audax celebrer degenero.,107,https://granular-labourer.com,Data Engineering,2024-10-09T05:42:42.952Z,0,,
6706701a98ac07710c36b095,Suggero deduco alienus.,Dolorum sui caveo commodo universe pauper acsi ultio soluta adulatio. Cilicium tutis adipiscor vulgo praesentium appono officiis versus. Voro thermae conicio attonbitus commodi esse.,50,https://lanky-collaboration.com,Data Engineering,2024-10-08T22:12:28.503Z,0,,
6706701a98ac07710c36b096,Cras terminatio veritatis.,Tactus taedium approbo tergeo. Amplexus denuncio acquiro tabernus cribro sursum acervus cubo non adimpleo. Voluptas validus caecus corpus deficio auctor.,65,https://wry-plumber.net/,Data Science,2024-10-09T10:46:10.979Z,0,,
6706701a98ac07710c36b097,Aliquid aurum porro certe sodalitas desidero vomica.,Decor theologus in depono acidus abeo aeneus. Ambitus angelus unus veritas repellendus aestivus debeo turba. Quos eius ars tabula.,159,https://essential-deed.biz,Full Stack,2024-10-08T22:38:40.418Z,0,,
6706701a98ac07710c36b098,Dapifer tempore vomer facilis.,Cruentus caput coniecto cultellus cognomen tero curriculum. Volutabrum cicuta decet. Adficio statim admoveo colo suffragium rerum.,114,https://grave-nectarine.org/,Full Stack,2024-10-08T12:02:38.509Z,0,,
6706701a98ac07710c36b099,Contigo cunae tyrannus.,Tabgo substantia crustulum. Conicio canonicus colo tutis amo angelus catena degusto caelum viridis. Ustulo varietas confero et tabesco suffragium crur amo thema confido.,152,https://fair-pinstripe.info,Data Science,2024-10-09T03:33:43.255Z,0,,
6706701a98ac07710c36b09a,Turba decretum cursim.,Ante avarus avarus bonus quasi terminatio capitulus tredecim. Assumenda uberrime virgo vallum defaeco consequatur delicate bestia peior sit. Nostrum viscus dens charisma.,118,https://knowledgeable-nectarine.net/,Data Science,2024-10-09T08:31:27.159Z,0,,
6706701a98ac07710c36b09b,Alienus ara vestrum stipes.,Tergum vilitas antea arto tutis coma titulus. Somniculosus tamisium vorax. Aureus denique similique quo terror deporto annus.,156,https://quick-witted-warming.name/,Data Science,2024-10-09T06:52:20.275Z,0,,
6706701a98ac07710c36b09c,Eius coniecto audio titulus quidem adeptio depulso amissio.,Virgo suspendo villa agnosco animi. Argentum cavus aeternus crapula vacuus trucido causa. Vitiosus nesciunt substantia speciosus demulceo tam tantillus.,89,https://flawless-scratch.org/,Full Stack,2024-10-08T23:23:17.188Z,0,,
6706701a98ac07710c36b09d,Chirographum ceno arbustum verto adulescens odio ultra demulceo dolores.,Cum curvo aperio adipisci decipio uterque absorbeo tantillus succurro voluptas. Verus voveo aranea aliquam socius. Templum incidunt condico ultra solitudo reiciendis censura verbera.,37,https://simple-advertisement.com/,Data Science,2024-10-09T05:28:51.114Z,0,,
6706701a98ac07710c36b09e,Amplitudo venio aqua congregatio degero depopulo.,Trucido vulticulus acquiro. Titulus curatio vesper. Creber suppono cohaero truculenter.,42,https://glossy-tomatillo.net,Data Engineering,2024-10-08T21:48:23.901Z,0,,
6706701a98ac07710c36b09f,Theatrum pauci vero apparatus antiquus.,Crastinus adamo coniecto velit. Testimonium totidem thesaurus cuius aegrotatio viridis acies deporto studio. Contra crustulum natus adhaero ademptio acceptus claudeo caelestis vulnus.,51,https://tricky-advancement.org,Data Science,2024-10-09T02:17:04.257Z,0,,
6706701a98ac07710c36b0a0,Cursus coepi ustulo optio deporto.,Vesco verbum ambulo dignissimos absque coerceo utrum curvo una animi. Tabesco ait cubo creber degenero trucido vos atavus casus. Vulnero adamo demoror.,50,https://separate-scorpion.org/,Full Stack,2024-10-08T17:18:10.781Z,0,,
6706701a98ac07710c36b0a1,Speculum argumentum omnis trepide.,Molestias tersus sufficio vulgo trans depereo ventosus commodi cribro conitor. Tertius surculus tardus bellum desino velum. Corporis cur capto admiratio cras ventus crapula coadunatio versus.,68,https://these-jungle.com/,Full Stack,2024-10-09T10:43:49.271Z,0,,
6706701a98ac07710c36b0a2,Aedificium articulus ascit ter umbra timor curvo aequus advenio accommodo.,Argentum votum cedo decimus uterque. Barba doloribus minus vinco demitto comptus. Est sumptus defaeco adeptio attonbitus audacia adsidue crur ver.,49,https://wrong-ad.biz/,Data Science,2024-10-09T02:44:46.600Z,0,,
6706701a98ac07710c36b0a3,Corroboro temeritas cattus spargo impedit defessus adsum consectetur uxor.,Non nesciunt assentator omnis vulnus tego consequuntur concedo. Atrox delego veniam vitium. Eius architecto vetus alii comes absque.,87,https://happy-developmental.info,Data Science,2024-10-09T01:19:18.280Z,0,,
6706701a98ac07710c36b0a4,Asper abstergo cilicium curso decet copia.,Triduana trado validus ullam absconditus stipes texo. Cubo tantum umbra tergo aeneus adamo teres demo dens. Pectus deputo ustulo aeger constans delego tantum veniam.,105,https://phony-transparency.net,Data Engineering,2024-10-08T13:10:22.117Z,0,,
6706701a98ac07710c36b0a5,Recusandae venustas avarus solum.,Veritatis varietas allatus vel valeo. Alter causa strenuus cogito censura. Avarus tum bos carmen demonstro.,173,https://lively-passport.net/,Data Engineering,2024-10-09T09:27:56.475Z,0,,
6706701a98ac07710c36b0a6,Vestrum altus crastinus cattus.,Vindico ceno demitto demo cado. Crebro degenero cras considero benigne compello accommodo claudeo acies. Viriliter appello claustrum blanditiis reiciendis ustulo aufero velum cerno.,94,https://agitated-exasperation.name,Full Stack,2024-10-09T06:48:16.938Z,0,,
6706701a98ac07710c36b0a7,Comedo alo abscido.,Placeat vir acceptus careo accusamus canonicus accusamus certus pax. Impedit porro cubicularis. Sui coniuratio statim aperiam administratio comes sint sustineo non rem.,90,https://sunny-overcoat.biz/,Data Engineering,2024-10-09T03:45:15.496Z,0,,
6706701a98ac07710c36b0a8,Barba demoror utrimque illum termes bellum adflicto.,Decet dolorem quidem amicitia via sortitus. Strenuus ars censura. Nesciunt ambulo exercitationem quos.,158,https://happy-go-lucky-daddy.name/,Data Engineering,2024-10-09T06:19:05.125Z,0,,
6706701a98ac07710c36b0a9,Harum degenero angulus vilitas.,Annus vinco vix vulticulus crudelis xiphias avarus adaugeo audax. Verbum volaticus conculco tristis deprecator verto. Solvo vito chirographum stillicidium apud concido theca vaco ultra.,138,https://handsome-swordfish.net,Data Engineering,2024-10-09T07:47:23.890Z,0,,
6706701a98ac07710c36b0aa,Copia verto tantillus ocer contra avarus stips ager alo.,Cohaero uxor desparatus curso cogito commodi casso minima vulgaris decens. Apto audax ultra spero voveo capio. Crepusculum sonitus voveo labore.,51,https://idolized-intellect.biz,Full Stack,2024-10-08T18:59:24.459Z,0,,
6706701a98ac07710c36b0ab,Arbustum vinco demergo succedo cometes suppellex aer pectus.,Absconditus laboriosam agnosco rerum cornu tabella tantum cedo vis tunc. Cedo tondeo curto tripudio deduco. Demonstro nisi cupiditate adduco deinde utroque tabula.,177,https://apt-disk.com/,Full Stack,2024-10-09T10:54:07.355Z,0,,
6706701a98ac07710c36b0ac,Territo cupiditate utique carmen urbs vociferor defaeco.,Versus aurum deduco tripudio turba concedo. Vomer advoco terror currus coma depromo valetudo tardus. Arcesso tribuo cur.,166,https://acidic-noon.info/,Data Engineering,2024-10-08T17:11:21.446Z,0,,
6706701a98ac07710c36b0ad,Totidem patrocinor hic.,Suadeo toties corona rem trucido porro acervus alienus arto debitis. Commodo sollicito verbum culpo volutabrum. Defetiscor quis sollers cito peccatus calculus speculum.,159,https://blue-sermon.net,Data Engineering,2024-10-08T18:15:43.976Z,0,,
6706701a98ac07710c36b0ae,Dolorem quae correptius demens.,Tremo talio deserunt maiores contigo strues vito sordeo. Approbo ipsam reiciendis condico cubitum delectatio aqua eaque vobis. Ultra tempus natus deorsum.,119,https://probable-lift.name,Data Science,2024-10-09T05:32:18.532Z,0,,
6706701a98ac07710c36b0af,Alius distinctio minima.,Spectaculum aranea coniuratio vestigium derideo thorax. Cometes deserunt impedit tollo totus calamitas. Volva vulgo comedo super deficio claudeo coniecto tergum.,52,https://prickly-harp.com/,Data Science,2024-10-08T13:21:33.725Z,0,,
6706701a98ac07710c36b0b0,Depraedor curso eum canis virgo spiritus.,Ulciscor atqui aperiam caste adeo caterva verecundia administratio. Cursus attero deprecator. Crepusculum decimus circumvenio accommodo mollitia averto aqua.,54,https://splendid-seal.info/,Data Engineering,2024-10-08T12:35:20.277Z,0,,
6706701a98ac07710c36b0b1,Audeo depereo absens umerus.,Ea somniculosus tepidus ultio ocer. Decipio sponte aptus abbas textus abutor. Timidus voluntarius bis adulatio stillicidium tendo utroque.,102,https://quintessential-scarification.com,Data Engineering,2024-10-09T04:19:33.700Z,0,,
6706701a98ac07710c36b0b2,Casso validus maiores decretum combibo decimus sponte tametsi capto.,Defero hic tenetur tubineus cum depereo. Spiculum sollicito patria claustrum arca collum consequatur ustulo solvo auditor. Coma amoveo celer crapula trans advoco.,93,https://long-management.biz/,Data Science,2024-10-08T23:22:17.549Z,0,,
6706701a98ac07710c36b0b3,Aegre tribuo voro depraedor ipsam defleo conatus verecundia aer.,Maiores acquiro audeo carcer. Varietas cariosus suffragium vulariter vacuus decerno. Autus fugiat tenuis contigo blanditiis venio.,84,https://empty-humidity.biz,Data Engineering,2024-10-09T11:56:04.462Z,0,,
6706701a98ac07710c36b0b4,Tergeo tamdiu utpote tepesco tandem sint solitudo esse amissio.,Tener aequitas quasi adipisci tantillus degenero cumque. Audeo altus succedo supra. Aeger campana quae tabgo placeat adulatio ocer.,52,https://cloudy-joy.net,Data Engineering,2024-10-09T03:21:59.646Z,0,,
6706701a98ac07710c36b0b5,Balbus deleniti comedo contego sonitus pecto utrimque constans id abduco.,Delinquo trado degusto ventus thesis minus deprimo appositus celebrer. Volva trepide voluntarius teres apud stabilis adulatio crustulum statim convoco. Comminor cogo coaegresco cultellus veritas adamo.,178,https://our-step.info,Data Science,2024-10-08T21:42:43.172Z,0,,
6706701a98ac07710c36b0b6,Creator voluntarius patrocinor sint capio demo cognomen supra.,Tenax vehemens tondeo natus natus dignissimos deprimo. Absum abduco distinctio expedita sordeo. Degenero recusandae argumentum claro concedo celo tamen clibanus harum.,97,https://pink-hammock.net,Data Science,2024-10-09T03:08:02.213Z,0,,
6706701a98ac07710c36b0b7,Apparatus capio derideo contra curia administratio talis.,Sopor claro cupio tabesco tutamen volaticus tersus conicio aurum. Adipiscor carmen demonstro turpis tendo sub voco. Debitis utroque casso conventus abundans delectatio antepono.,76,https://courageous-sushi.info,Full Stack,2024-10-09T06:44:05.097Z,0,,
6706701a98ac07710c36b0b8,Suadeo cupiditas suus tametsi una ait callide.,Absum quas tabesco coadunatio temperantia demulceo. Curso porro altus turba curiositas suppono valens vulnus clarus pauci. Agnitio somnus correptius.,126,https://trained-formation.biz/,Full Stack,2024-10-08T17:58:18.287Z,0,,
6706701a98ac07710c36b0b9,Demum alienus argumentum aro ut praesentium assentator subiungo.,Tubineus adipiscor tempora tabesco cornu sonitus. Cito omnis perferendis depromo tametsi super agnitio vespillo adeptio velum. Enim debilito illo demitto cruciamentum.,172,https://gifted-summary.net/,Data Science,2024-10-08T20:29:07.237Z,0,,
6706701a98ac07710c36b0ba,Conduco adsidue tonsor id.,Claudeo terebro depono. Umquam atavus minima tyrannus confero tondeo advoco socius. Sortitus tonsor amor succurro coaegresco cursim virga abstergo quaerat.,65,https://clear-permafrost.biz,Data Science,2024-10-09T05:03:41.665Z,0,,
6706701a98ac07710c36b0bb,Agnitio vilicus ea angulus textilis talus depopulo eius cinis.,Ipsam attonbitus laborum vado cui. Assumenda aspernatur crapula. Chirographum deduco coma sophismata velociter inflammatio.,80,https://surprised-completion.biz,Data Engineering,2024-10-09T09:33:26.200Z,0,,
6706701a98ac07710c36b0bc,Basium appello clam tunc solitudo.,Volva damno atavus aut tremo tergiversatio currus. Carpo perspiciatis crebro umquam celebrer nulla auxilium. Deporto cena blandior vehemens capto patruus despecto arcus ver saepe.,112,https://dependable-velocity.biz/,Full Stack,2024-10-08T12:54:06.637Z,0,,
6706701a98ac07710c36b0bd,Quo chirographum spero.,Vulgo summa curo conscendo consectetur astrum solus. Stips ager ater cohors sunt magni conservo arx ultio vesco. Cado vigor curo argumentum compono.,104,https://joyful-colon.name/,Full Stack,2024-10-09T08:16:07.628Z,0,,
6706701a98ac07710c36b0be,Coadunatio vomito antea repellat defessus cavus peior carmen labore.,Veniam agnitio terga argumentum. In auctus depulso administratio itaque nobis usque. Acidus defendo coaegresco acceptus.,176,https://linear-unique.com,Full Stack,2024-10-08T18:59:42.885Z,0,,
6706701a98ac07710c36b0bf,Veritatis ventus eaque abstergo canis colligo.,Sapiente accedo trepide comes articulus. Minima spero cunae iste tribuo. Magnam absum ascit arbitro ea ducimus depraedor aro.,45,https://pink-cross-contamination.org,Data Engineering,2024-10-08T16:11:56.994Z,0,,
6706701a98ac07710c36b0c0,Carpo vito arguo curiositas animi distinctio eum suadeo provident.,Assentator ultio optio trado voro excepturi audeo derelinquo vobis. Enim vitiosus volup ventus avarus. Abutor cunae usus vulnus vel audio audentia cultura arbustum summopere.,44,https://gigantic-sport.org,Full Stack,2024-10-08T17:52:20.247Z,0,,
6706701a98ac07710c36b0c1,Crinis suus confugo confero corrigo.,Curis vespillo deludo. Recusandae torrens tubineus architecto vespillo delectus. Utor stabilis argentum accusamus cras decretum curiositas.,92,https://rundown-mallard.net,Full Stack,2024-10-08T12:53:30.929Z,0,,
6706701a98ac07710c36b0c2,Virtus super tamisium voluptatem quaerat quibusdam aggero pecco currus turbo.,Verbera dolorum explicabo. Audio cilicium magnam ex. Umquam atrox celebrer porro.,174,https://ragged-nucleotidase.com/,Data Engineering,2024-10-09T09:14:13.799Z,0,,
6706701a98ac07710c36b0c3,Comparo sum curso amet ademptio totam.,Distinctio baiulus tertius abstergo sed quas. Tempore vulnero calculus cursus reprehenderit tego vinum. Causa accendo facilis cubitum xiphias sustineo catena comitatus.,123,https://clumsy-newsprint.org,Data Engineering,2024-10-09T03:22:32.297Z,0,,
6706701a98ac07710c36b0c4,Sapiente adduco vilis collum.,Uxor eveniet nesciunt. Tergo perspiciatis nulla adipisci utrimque accusantium agnitio similique quia demergo. Animus casso illum aestas dolorem tonsor aequus.,166,https://enchanting-jet.org/,Data Engineering,2024-10-09T05:45:37.210Z,0,,
6706701a98ac07710c36b0c5,Cilicium cattus accusator vitae esse vado stillicidium.,Thalassinus aspernatur voluntarius articulus apparatus pecco. Cursus vallum annus totidem repellendus tollo chirographum cerno amaritudo. Surgo aurum peccatus aperte centum texo.,96,https://diligent-lotion.info,Full Stack,2024-10-09T04:51:02.961Z,0,,
6706701a98ac07710c36b0c6,Degusto ait tantillus quidem.,Deduco vulpes corroboro cervus uterque tepidus. Ventosus tabella vos. Acerbitas turpis aeger neque enim.,99,https://mundane-department.name/,Data Science,2024-10-08T22:30:59.736Z,0,,
6706701a98ac07710c36b0c7,Audentia suffoco comes temptatio suspendo canto capto admiratio varietas absens.,Umbra tersus caste vulgaris confido sodalitas. Administratio sit aperiam. Sollers conturbo magni.,148,https://corrupt-farmer.org,Data Engineering,2024-10-08T22:36:33.103Z,0,,
6706701a98ac07710c36b0c8,Comptus vae ventosus contra artificiose possimus comminor.,Ascit apostolus avarus terror terga baiulus decipio corpus. Audacia utor triduana condico deripio turpis infit tenax attero comes. Capitulus voveo copiose urbs.,95,https://unrealistic-roundabout.biz,Full Stack,2024-10-08T18:27:49.072Z,0,,
6706701a98ac07710c36b0c9,Vesica communis cena at adsum atque.,Capto varietas accusator. Sperno angelus uredo alveus creptio. Sto pecto arbor vigor attero advenio ver.,131,https://gracious-vibration.com,Data Science,2024-10-08T23:42:09.957Z,0,,
6706701a98ac07710c36b0ca,Vigor admoveo conscendo sol audentia.,Incidunt bellum vestigium ocer adflicto sollers termes caute amet. Curo solio balbus. Comitatus cur subito.,109,https://criminal-duffel.com,Data Engineering,2024-10-09T05:29:56.813Z,0,,
6706701a98ac07710c36b0cb,Saepe ad tabgo cumque anser subnecto desipio cotidie capto.,Laborum tamquam carbo adamo conicio tego ultio. Quos aequus est tertius veniam varius. Hic pel pax vilitas mollitia amo vos.,63,https://exhausted-director.com/,Full Stack,2024-10-09T00:36:58.694Z,0,,
6706701a98ac07710c36b0cc,Assentator cito absorbeo vinum coerceo desino crepusculum.,Concedo facilis theologus amplitudo. Auditor calco laboriosam comburo ullus tibi. Corrumpo carmen dedico corrigo vito accedo.,154,https://well-worn-coordination.net/,Data Engineering,2024-10-09T11:02:32.789Z,0,,
6706701a98ac07710c36b0cd,Ago timor corrigo.,Mollitia inventore amicitia utpote tabula volo denuncio. Damnatio copia triumphus canis stips cupressus cursus capitulus possimus suasoria. Amplus adaugeo timor creta.,167,https://agitated-doorpost.name/,Data Engineering,2024-10-09T07:09:02.677Z,0,,
6706701a98ac07710c36b0ce,Textilis aspicio celo denego.,Temptatio cultura artificiose. Casus tempore tibi avarus tendo colo facilis. Vespillo auctor rerum admitto adsuesco capitulus caput.,75,https://ideal-restaurant.net/,Data Engineering,2024-10-09T07:13:49.472Z,0,,
6706701a98ac07710c36b0cf,Tempus super dolores deporto facere vallum arceo audax stipes tantillus.,Aspernatur adamo toties terra. Caute spiculum sono harum corroboro. Eligendi ustilo amoveo.,141,https://stingy-steak.name/,Data Science,2024-10-08T17:00:20.438Z,0,,
6706701a98ac07710c36b0d0,Cogito uredo defaeco spectaculum turpis tamdiu.,Illo vulgo voluptate ustulo. Deleniti crudelis complectus. Vomito cetera sum termes solum suggero.,118,https://sophisticated-republican.org/,Data Engineering,2024-10-08T22:12:00.019Z,0,,
6706701a98ac07710c36b0d1,Auditor distinctio vorago a sollicito varius sto tactus cattus ceno.,Quia undique arceo illum conventus theca crux. Decumbo debilito deripio conatus antea victoria delego cura. Ventosus tepidus vomito deficio tyrannus clam a.,102,https://darling-emergent.name,Data Engineering,2024-10-09T10:40:48.500Z,0,,
6706701a98ac07710c36b0d2,Adhaero verumtamen cribro tenax allatus beatus.,Absum deorsum viriliter ver tamquam auditor patior pecus utique error. Vallum thema animus substantia victus. Spargo atqui validus tempus iure aequitas cruentus demonstro cotidie deputo.,75,https://secret-piglet.name/,Full Stack,2024-10-09T02:39:59.858Z,0,,
6706701a98ac07710c36b0d3,Vestrum molestiae crinis vos nostrum.,Voluptas vado aperio torrens tutis alius tergeo. Arbitro angulus carcer cubo cinis cognomen caritas sequi. Cura utique exercitationem accusator antea vix agnosco truculenter.,149,https://rowdy-secret.org,Data Science,2024-10-08T14:14:17.030Z,0,,
6706701a98ac07710c36b0d4,Apto vulariter volaticus perferendis desparatus color vilicus.,Vitae acer sub tego culpo angelus. Vinum voluptatem combibo pauci iste autus tener admiratio subseco deputo. Voco uredo arma patrocinor carcer.,32,https://all-intervention.com,Data Science,2024-10-08T16:38:51.950Z,0,,
6706701a98ac07710c36b0d5,Aetas comprehendo delectatio delectus ciminatio crinis corroboro aequitas animi.,Spargo culpo amplexus volutabrum tabula admoveo doloremque colo auditor sto. Tum vomer turbo sub ait blandior territo nisi usus. Umbra votum stips defungo cubicularis abeo.,169,https://unripe-ravioli.info,Data Science,2024-10-09T02:06:48.061Z,0,,
6706701a98ac07710c36b0d6,Adipiscor volaticus certe sollers.,Id apto crudelis temptatio auctus labore casus peior. Tracto corporis quis alioqui. Tergiversatio ventosus truculenter umbra voro asper clarus quam beatus.,73,https://wavy-collectivization.biz,Data Engineering,2024-10-09T05:18:24.571Z,0,,
6706701a98ac07710c36b0d7,Vir verus apto.,Aliquid voro aer tertius aspicio curso sollicito ratione cognomen. Bene uterque comburo adsidue adaugeo. Ex clibanus ventus vestrum arguo clam cura.,148,https://frozen-sideboard.info/,Full Stack,2024-10-09T04:51:21.298Z,0,,
6706701a98ac07710c36b0d8,Tubineus esse aliqua substantia sol armarium aveho.,Voluptatibus usus stillicidium culpo arceo ciminatio nulla sumptus varietas. Desolo attero pax carus arx beatus certe vulgaris audeo subseco. Cauda officiis nobis possimus vulariter subnecto aedificium traho tabernus.,177,https://super-cd.biz,Full Stack,2024-10-08T12:59:48.682Z,0,,
6706701a98ac07710c36b0d9,Coruscus consequatur ambulo subseco teres villa conduco valens carbo videlicet.,Coadunatio stillicidium tunc universe decens circumvenio usitas crux. Officia velut odio. Somnus uter tam comprehendo terminatio dignissimos velociter verus artificiose depromo.,76,https://handsome-swordfish.name/,Full Stack,2024-10-08T16:28:41.735Z,0,,
6706701a98ac07710c36b0da,Charisma abutor ascisco absorbeo denuncio.,Ante vilis bene vestrum crastinus atrox. Vel varietas abscido ratione autus. Denuo sodalitas degusto temporibus appello antepono canto.,163,https://sudden-pleasure.biz,Data Engineering,2024-10-08T14:49:17.029Z,0,,
6706701a98ac07710c36b0db,Arca decumbo corpus via adulatio volva solus suadeo necessitatibus dolor.,Cum articulus officiis spargo id conforto sapiente arto. Angelus venustas amplus nam torrens rem eveniet ustulo. Cupiditas sustineo urbs surculus valetudo textilis curatio cicuta.,148,https://another-rule.org/,Data Science,2024-10-09T00:30:33.235Z,0,,
6706701a98ac07710c36b0dc,Certe corpus vulnus sumo congregatio animi soluta teres.,Cohaero excepturi advenio sol aro approbo verecundia facere cunabula. Ab aspicio blandior calco cura votum. Sustineo spoliatio sto amplexus barba solum advenio molestiae aeneus canto.,171,https://bustling-haversack.info,Data Science,2024-10-09T11:45:46.652Z,0,,
6706701a98ac07710c36b0dd,Suppono vesper subvenio vero capio suspendo desidero pariatur.,Sursum convoco alveus velociter adhuc vomica apud avaritia textilis adimpleo. Maiores terror defessus vitae creta dolore tempora cunctatio umbra conduco. Denuncio ab vel cilicium corrigo adnuo ipsam voluptate eum civis.,136,https://sticky-sarong.org,Full Stack,2024-10-08T23:41:05.283Z,0,,
6706701a98ac07710c36b0de,Tondeo utpote textus a dolorem conqueror caelum clam suasoria non.,Ante culpo venustas tenuis. Audio sursum strenuus suus infit capillus tabella valeo. Arca copiose celo dapifer vitium depono claudeo.,77,https://sardonic-tuxedo.org/,Full Stack,2024-10-09T11:07:58.875Z,0,,
6706701a98ac07710c36b0df,Articulus comptus culpa.,Cupiditas cinis aiunt comburo repudiandae compello eligendi nostrum. Degusto agnitio considero antea altus. Celo vulariter cado nisi reprehenderit civitas vigor vester.,65,https://nautical-final.info/,Data Engineering,2024-10-09T01:58:40.374Z,0,,
6706701a98ac07710c36b0e0,Apud dens absens.,Vulariter caput attero combibo caries conicio subiungo harum crinis barba. Quo surculus crastinus amicitia velum. Numquam sodalitas venustas.,117,https://thorny-accountability.name,Data Engineering,2024-10-08T13:18:48.490Z,0,,
6706701a98ac07710c36b0e1,Paens tersus admoveo umquam quidem derelinquo cenaculum turpis.,Hic desipio aequitas aer. Corona curo torqueo ocer vehemens confido quae decipio. Absum abeo sodalitas derelinquo barba assumenda cultellus.,180,https://arid-goat.org,Data Engineering,2024-10-09T00:07:54.528Z,0,,
6706701a98ac07710c36b0e2,Deleniti videlicet thymbra clam acer argumentum benigne aequus.,Arbor consectetur bestia apostolus conor. Dapifer dicta hic cogito curiositas. Cometes degenero curatio vado.,42,https://squiggly-trench.org,Data Engineering,2024-10-08T21:14:33.426Z,0,,
6706701a98ac07710c36b0e3,Crapula spoliatio coma decretum stillicidium cui altus baiulus testimonium urbs.,Pel strenuus ab ratione deporto arbustum. Ait avaritia alioqui audentia. Bos stillicidium cruentus denego clementia vesco.,56,https://true-developmental.com/,Data Engineering,2024-10-08T17:19:43.981Z,0,,
6706701a98ac07710c36b0e4,Suppono conventus libero.,Corrumpo pauci saepe turbo addo canonicus ademptio ater spes. Colo adinventitias cupiditate tyrannus calculus viridis comitatus curia timidus copia. Confero tertius adiuvo torqueo corporis umerus degenero claustrum civitas thorax.,33,https://affectionate-coordination.biz,Full Stack,2024-10-08T17:54:10.631Z,0,,
6706701a98ac07710c36b0e5,Conicio est canonicus consuasor calculus.,Totidem celebrer cursus claudeo vos terra appello audacia crinis. Celo aeneus aspicio uberrime torrens claustrum desipio vulnero terreo. Fuga depraedor aequitas suadeo stella atrocitas.,47,https://writhing-making.net,Data Engineering,2024-10-09T11:19:13.796Z,0,,
6706701a98ac07710c36b0e6,Theologus velut calco aeger dicta.,Considero comptus officia audacia voluptatum vespillo solvo defetiscor in. Usitas clibanus adduco debitis altus subiungo sto voco. Tyrannus averto coerceo calco contabesco.,97,https://valuable-mom.org,Full Stack,2024-10-08T17:11:19.730Z,0,,
6706701a98ac07710c36b0e7,Appello patruus curis verbera crudelis reprehenderit curriculum torrens cedo commodi.,Acerbitas usus possimus collum assumenda careo civitas. Temporibus decor tergeo quidem arcus cum. Uterque abbas culpo umquam allatus earum voluptate defessus cenaculum cervus.,55,https://foolish-stay.com,Data Engineering,2024-10-08T18:30:38.041Z,0,,
6706701a98ac07710c36b0e8,Volup tredecim deprecator blanditiis dolor.,Cimentarius cui damno sub. Socius totus adflicto ulterius tutis. Sto perferendis cicuta officia.,119,https://hairy-hutch.biz,Data Engineering,2024-10-08T20:28:23.570Z,0,,
6706701a98ac07710c36b0e9,Defungo cupiditate at totus quaerat defungo.,Urbanus curia speciosus tutamen delicate magni triumphus surgo sto. Est pax sonitus colligo alo. Blanditiis pauci benevolentia ubi aiunt teneo subseco sub.,34,https://unfit-marksman.info/,Full Stack,2024-10-08T17:05:54.469Z,0,,
6706701a98ac07710c36b0ea,Sumo curto spiritus ago absorbeo vinculum comis contabesco vomica cribro.,Defluo sto provident. Statua utrum ventito adeptio vomito umbra tenax spargo crur comitatus. Adiuvo amita accusantium aer arma bestia ager trucido.,103,https://impractical-airport.org/,Data Engineering,2024-10-09T09:42:03.862Z,0,,
6706701a98ac07710c36b0eb,Vilis culpa tantum unus caput suasoria.,Paulatim talus facere cunctatio curatio contego. Tyrannus unus ex depraedor. Id sperno vorago tepidus cuppedia ipsam.,156,https://stunning-information.com/,Data Science,2024-10-09T03:59:53.815Z,0,,
6706701a98ac07710c36b0ec,Harum admoneo subseco coniuratio turba subito.,Tantum tumultus dedico recusandae ratione a. Vinco dens totam depulso tabella. Spargo architecto defleo delego aro beatus sint.,31,https://cheerful-story.net/,Data Science,2024-10-08T15:34:36.127Z,0,,
6706701a98ac07710c36b0ed,Conatus vetus defungo aduro nemo corrupti molestiae.,Caterva nihil venio aurum. Commodo quibusdam sui bardus ventosus qui arbitro auctus. Tepesco testimonium bos sui acer suppellex sto voro tristis fuga.,137,https://excitable-dwell.org,Data Science,2024-10-09T05:56:53.803Z,0,,
6706701a98ac07710c36b0ee,Abscido deludo tabernus vetus caelum capio ante cubicularis alveus civis.,Uxor repellendus versus depereo ocer celebrer tripudio apto optio recusandae. Exercitationem deinde curo admoveo aveho sunt amita verbera tenuis. Amplexus velit amoveo.,33,https://sniveling-advancement.info/,Data Engineering,2024-10-08T15:09:34.256Z,0,,
6706701a98ac07710c36b0ef,Claro succedo coniuratio corpus dolor deleniti delectus sollicito vinco aveho.,Aetas voluptates curatio. Appello claustrum totus arma unde amet totam spectaculum vulticulus. Benevolentia cena minus texo nesciunt acsi.,75,https://sparkling-massage.org,Data Engineering,2024-10-09T09:20:30.794Z,0,,
6706701a98ac07710c36b0f0,Averto hic cubo vae studio vorago curtus antea sollicito utilis.,Eligendi calcar custodia deduco cohibeo. Spargo depulso repellat ipsam sortitus admitto excepturi claro ducimus. Vinculum accendo veritas.,85,https://actual-amnesty.org,Data Engineering,2024-10-08T18:27:43.634Z,0,,
6706701a98ac07710c36b0f1,Decretum decretum deficio deripio enim.,Provident antepono sono conqueror depereo audacia caput. Versus turpis degenero censura cura suggero corpus damnatio ceno decet. Socius altus nesciunt agnosco deprimo corrupti assumenda audeo cimentarius consequuntur.,128,https://cautious-remark.name/,Full Stack,2024-10-08T19:52:03.030Z,0,,
6706701a98ac07710c36b0f2,Comminor appositus aegrus crinis fugit arbustum defaeco.,Addo decerno quaerat deleniti aetas sulum sulum adiuvo. Cultura veritas inflammatio debitis uberrime vehemens absconditus. Vix ratione cras eum sulum turpis videlicet constans traho.,85,https://witty-e-mail.com,Full Stack,2024-10-08T19:09:23.964Z,0,,
6706701a98ac07710c36b0f3,Vicinus aegrotatio tam atavus cariosus venustas tremo terebro.,Truculenter collum corroboro annus defungo. Terebro cumque velut audentia ulterius cupiditate videlicet antiquus summopere solvo. Thorax sol autem sint vinculum carmen.,39,https://quintessential-relative.org/,Full Stack,2024-10-08T22:46:48.619Z,0,,
6706701a98ac07710c36b0f4,Venia cognomen vaco degero laudantium quidem decens veritatis.,Vobis defendo ipsam demo. A campana cumque synagoga cupiditate vilis arguo molestiae cariosus. Clamo adipiscor surculus thymbra patior.,126,https://cloudy-nectarine.biz/,Full Stack,2024-10-09T01:36:47.330Z,0,,
6706701a98ac07710c36b0f5,Totam tui acies corrumpo attero victoria adaugeo.,Voluptatibus nam vivo una turba trado pax. Vivo cito votum infit odit altus confido. Umerus demoror defessus statim.,82,https://juicy-bathrobe.name/,Data Engineering,2024-10-08T13:44:16.167Z,0,,
6706701a98ac07710c36b0f6,Adulescens centum tempus sunt vita certe facere temperantia infit.,Defluo error expedita tutis adfero crudelis alter desparatus viduo. Sursum cometes dolorum despecto. Viscus vilicus eius caterva ventus ter alter.,84,https://leading-toothpick.com,Full Stack,2024-10-08T22:52:19.556Z,0,,
6706701a98ac07710c36b0f7,Absque tenetur aspicio fugiat cattus deserunt beatus.,Terra vinco aequus. Crebro voluptatibus comparo unus sustineo possimus vulpes absque. Molestiae tamisium caelum alius numquam amplexus amiculum utroque.,51,https://favorite-pliers.org/,Data Engineering,2024-10-08T16:36:49.627Z,0,,
6706701a98ac07710c36b0f8,Stipes at celebrer censura contigo tenus desipio utrum cunae.,Strues defaeco valetudo terra vallum amicitia. Deserunt tardus odio tracto amaritudo defleo. Campana tepesco tamdiu conqueror facilis abundans creptio ultio.,150,https://tidy-adaptation.org,Data Science,2024-10-08T23:35:47.883Z,0,,
6706701a98ac07710c36b0f9,Comis debitis suppellex mollitia summa tergiversatio patruus recusandae commodo umquam.,Cubicularis cena talio suspendo baiulus praesentium acer valde expedita decet. Perferendis aliqua acervus cum abscido utique supra nam creator delicate. Error careo necessitatibus abscido ago in uberrime chirographum.,69,https://rubbery-runway.org,Data Science,2024-10-09T05:32:50.564Z,0,,
6706701a98ac07710c36b0fa,Crustulum denego conforto vitiosus cursim adfero cavus.,Tabula nobis adaugeo complectus demoror auctor laborum volo dolor. Stabilis vomica abstergo cupiditas tolero maxime expedita. Depereo toties aurum cattus enim repudiandae tepidus bibo acceptus.,66,https://frivolous-basket.com,Data Science,2024-10-08T21:33:56.193Z,0,,
670670bc2ce0cd253f1fa4c8,Data Science ,poiuhygyt,,,Data Science,2024-10-09T12:02:04.072Z,0,670670bc2ce0cd253f1fa4ca,670670bc2ce0cd253f1fa4cc
