_id,userId,learningMaterialId,content,createdAt,__v
6706701c98ac07710c36c16a,6706701a98ac07710c36af69,6706701a98ac07710c36b03b,Conduco voluptatem cervus accusamus inventore acsi adaugeo. Advenio cena ademptio vomito terga maiores. Doloribus decimus curia ab supra cupiditate cupio cuppedia.,2024-10-08T14:55:50.289Z,0
6706701c98ac07710c36c16b,6706701a98ac07710c36af30,6706701a98ac07710c36b000,Cras inflammatio alveus eum spargo aveho caput sol vapulus. Tamdiu decipio celer ustilo sed contabesco abscido crebro video. Urbanus cupiditas voluptatum.,2024-10-08T18:36:37.476Z,0
6706701c98ac07710c36c16c,6706701a98ac07710c36afa1,6706701a98ac07710c36afd6,Absum capitulus audio suasoria cognomen desparatus. Aut blandior consectetur tracto. Corrigo thesaurus velociter impedit corroboro vomito aggredior confugo cunabula.,2024-10-09T09:29:54.028Z,0
6706701c98ac07710c36c16d,6706701a98ac07710c36af92,6706701a98ac07710c36b0c0,Subiungo ipsam curo vespillo validus cunabula celer debilito. Uterque creber bis ager vere deinde. Arceo appono desparatus acquiro patria.,2024-10-09T03:47:44.039Z,0
6706701c98ac07710c36c16e,6706701a98ac07710c36aefc,6706701a98ac07710c36b0f0,Consuasor desipio stillicidium arto acervus ipsa. Crebro sum thalassinus celer canonicus incidunt a peior stipes despecto. Cimentarius tumultus solitudo speciosus casso.,2024-10-09T00:14:08.677Z,0
6706701c98ac07710c36c16f,6706701a98ac07710c36aebb,6706701a98ac07710c36b09a,Adsum absens taceo. Tabesco delectus minima celer curatio cibo. Capitulus vorago delinquo summopere approbo.,2024-10-09T06:50:01.732Z,0
6706701c98ac07710c36c170,6706701a98ac07710c36afb8,6706701a98ac07710c36b035,Cicuta corporis deputo antiquus cibo chirographum ver audax. Balbus cruciamentum sint arcesso arx. Thymbra audacia defaeco conventus theatrum subseco ducimus.,2024-10-09T10:07:05.412Z,0
6706701c98ac07710c36c171,6706701a98ac07710c36aeaa,6706701a98ac07710c36afd7,Tredecim amplexus cometes cito tendo. Tantum vester stipes aggero adiuvo ratione deduco. Assumenda confero explicabo at bonus cito caelestis.,2024-10-08T18:01:40.293Z,0
6706701c98ac07710c36c172,6706701a98ac07710c36afb0,6706701a98ac07710c36b082,Asperiores conculco aspicio arto votum tunc tripudio voluptas abbas certus. Aspicio speciosus verbera abscido. Caelum congregatio verecundia demoror.,2024-10-09T04:37:57.161Z,0
6706701c98ac07710c36c173,6706701a98ac07710c36afb0,6706701a98ac07710c36b021,Creta iure confido coepi vir alias. Inventore collum adflicto theatrum suspendo pariatur curiositas ipsam thymbra. Velut unus tantillus explicabo ulterius tendo.,2024-10-08T22:40:47.631Z,0
6706701c98ac07710c36c174,6706701a98ac07710c36aeec,6706701a98ac07710c36b0a5,Crapula altus cohibeo taceo. Vere comedo decimus claustrum sapiente comptus tribuo aegrus vomica coma. Amissio totam pauper culpo aetas absorbeo.,2024-10-09T09:15:43.388Z,0
6706701c98ac07710c36c175,6706701a98ac07710c36af82,6706701a98ac07710c36b08c,Ultio volaticus cumque animadverto tactus patruus. Volubilis asperiores excepturi velit demitto aequitas. Crapula praesentium thermae spiritus necessitatibus calamitas paens verto conqueror fugiat.,2024-10-09T09:11:45.864Z,0
6706701c98ac07710c36c176,6706701a98ac07710c36af5e,6706701a98ac07710c36b0e0,Veritatis asporto talus speciosus. Eum sed vehemens sunt viriliter sum creptio corrupti pariatur. Ceno corroboro delinquo natus bellicus auditor subnecto.,2024-10-09T06:51:10.593Z,0
6706701c98ac07710c36c177,6706701a98ac07710c36afbd,6706701a98ac07710c36afd6,Eum bene aestus arbustum. Subseco nam cubo solium maiores amita. Curatio ullam subito natus deprimo.,2024-10-08T18:31:03.280Z,0
6706701c98ac07710c36c178,6706701a98ac07710c36af6c,6706701a98ac07710c36b057,Caput vereor victoria texo callide. Caterva crapula ascisco. Beatus attollo ter inflammatio adopto.,2024-10-08T18:37:21.130Z,0
6706701c98ac07710c36c179,6706701a98ac07710c36af46,6706701a98ac07710c36b03e,Nisi ait virgo comedo. Aeger iure alii caste. Vobis arx claro animadverto adeptio carpo caelum desparatus expedita.,2024-10-09T00:02:09.287Z,0
6706701c98ac07710c36c17a,6706701a98ac07710c36afc4,6706701a98ac07710c36b039,Minus thermae viridis sopor conatus. Soluta eveniet verus vinculum vito denuncio cursim adaugeo. Inventore capto averto.,2024-10-08T22:04:47.369Z,0
6706701c98ac07710c36c17b,6706701a98ac07710c36aedc,6706701a98ac07710c36b014,Brevis auditor fugit. Ater vis coerceo tui est artificiose sopor audeo tabesco aptus. Apto avaritia cursim teres.,2024-10-08T22:34:43.437Z,0
6706701c98ac07710c36c17c,6706701a98ac07710c36af22,6706701a98ac07710c36affe,Aequus vulgivagus casus valeo. Valens volutabrum terror contigo vomito apparatus defungo beneficium absens. Administratio inventore decimus sursum exercitationem tempora depono cohibeo quo arguo.,2024-10-08T17:27:51.326Z,0
6706701c98ac07710c36c17d,6706701a98ac07710c36af23,6706701a98ac07710c36b0ca,Utroque delego astrum aequitas thema dapifer. Ait cumque eaque callide sint coniuratio calamitas demulceo. Taedium sortitus coma curo decor talio aiunt conscendo voluntarius.,2024-10-09T02:52:21.659Z,0
6706701c98ac07710c36c17e,6706701a98ac07710c36af6f,6706701a98ac07710c36b0e9,Contigo vilis denego conculco subseco cinis. Tardus decipio ultra demens cunabula cimentarius arbustum. Videlicet adamo defaeco thermae eius unus trans.,2024-10-09T00:59:50.568Z,0
6706701c98ac07710c36c17f,6706701a98ac07710c36aeda,6706701a98ac07710c36b008,Accendo curso vinculum iusto. Tabula dolor ventosus comedo. Crinis una civitas paens careo antepono arbitro comes.,2024-10-09T04:11:32.726Z,0
6706701c98ac07710c36c180,6706701a98ac07710c36aef3,6706701a98ac07710c36b0f8,Brevis varietas adiuvo considero solum ventus. Auctor quo attero cum auctor amicitia caries contabesco anser. Thalassinus titulus conscendo corporis tenus adfero tolero complectus statim aveho.,2024-10-09T08:12:06.366Z,0
6706701c98ac07710c36c181,6706701a98ac07710c36af85,6706701a98ac07710c36afda,Credo adfectus tersus. Eos vulgivagus pauci ancilla vorax molestiae. Ademptio sponte conqueror vita vulariter dolores.,2024-10-09T07:32:08.474Z,0
6706701c98ac07710c36c182,6706701a98ac07710c36af8c,6706701a98ac07710c36b009,Dens tenuis demens tener tunc beatae creptio ex aqua. Vigilo ademptio tempora ambulo advenio arcus delibero vestigium capio animus. Capio tutis cohors adfero ut cupio deporto valde centum conventus.,2024-10-09T06:20:55.111Z,0
6706701c98ac07710c36c183,6706701a98ac07710c36afbc,6706701a98ac07710c36afde,Bardus terebro terra traho. Vicissitudo adeo alo a repudiandae textus vacuus timidus versus. Tres currus utor.,2024-10-08T13:25:04.683Z,0
6706701c98ac07710c36c184,6706701a98ac07710c36afca,6706701a98ac07710c36b098,Sopor basium dolores demum. Voluptates abscido cur exercitationem subvenio tui cuppedia deleniti repellendus turba. Uxor charisma spargo abutor itaque.,2024-10-08T12:50:59.110Z,0
6706701c98ac07710c36c185,6706701a98ac07710c36aec8,6706701a98ac07710c36b07e,Illo animus veritatis absconditus cognatus aduro tempora suggero copia. Subnecto tabernus a sol ubi. Conforto aer timor adstringo civitas pectus demulceo viridis.,2024-10-08T22:39:58.473Z,0
6706701c98ac07710c36c186,6706701a98ac07710c36aeef,6706701a98ac07710c36afff,Quasi theca sollicito curo. Adstringo officia cilicium quam earum brevis amissio. Casus cubo uter delectatio ulciscor allatus cena crustulum.,2024-10-09T09:26:09.098Z,0
6706701c98ac07710c36c187,6706701a98ac07710c36aee6,6706701a98ac07710c36b013,Sordeo minus caveo thesis argentum aiunt tendo. Spero venustas uterque tot color cursus coepi sum. Cupiditate capto usque urbanus utrimque.,2024-10-09T11:04:23.039Z,0
6706701c98ac07710c36c188,6706701a98ac07710c36aeb0,6706701a98ac07710c36b079,Voluptates conventus urbs crepusculum complectus cotidie desino sumo talis. Advenio ver suadeo valens admitto texo sapiente. Perferendis tener xiphias.,2024-10-08T22:30:23.586Z,0
6706701c98ac07710c36c189,6706701a98ac07710c36af0b,6706701a98ac07710c36b0b1,Adicio cuius casus perspiciatis vir sollicito calamitas ars. Creber vomer amita deleniti appositus laborum caveo balbus solutio desino. Aurum sophismata catena enim alioqui.,2024-10-08T14:19:48.739Z,0
6706701c98ac07710c36c18a,6706701a98ac07710c36aea7,6706701a98ac07710c36aff4,Tandem argentum verbera vita corporis suus comis timor accusantium tristis. Vilis crinis tempus esse maxime ver officiis. Patrocinor virtus vinco.,2024-10-09T05:13:23.721Z,0
6706701c98ac07710c36c18b,6706701a98ac07710c36aeb8,6706701a98ac07710c36b030,Terminatio cometes adsum. Casus esse alias sumo aut adfectus clam temeritas. Arbitro celebrer conatus sumptus hic suggero nemo tego tertius.,2024-10-08T13:47:12.683Z,0
6706701c98ac07710c36c18c,6706701a98ac07710c36afc2,6706701a98ac07710c36b06e,Verumtamen cruentus correptius dolorem depulso suadeo verecundia ultra avarus ater. Admiratio beneficium denique ab a denuncio antea. Cotidie carcer suscipit.,2024-10-08T12:15:12.146Z,0
6706701c98ac07710c36c18d,6706701a98ac07710c36af37,6706701a98ac07710c36b00c,Speciosus soluta tubineus molestias curo tamquam alter. Suppellex admitto correptius absens creptio curtus. Vallum sit super quae decens facilis tabula ciminatio.,2024-10-09T04:38:59.956Z,0
6706701c98ac07710c36c18e,6706701a98ac07710c36af2f,6706701a98ac07710c36b089,Fugiat cattus temptatio ventito. Degero tolero acies cohors calculus supra. Animadverto cubo sordeo ater ulterius coaegresco cohibeo aedificium.,2024-10-08T13:03:29.119Z,0
6706701c98ac07710c36c18f,6706701a98ac07710c36af71,6706701a98ac07710c36afe3,Assentator voro cotidie. Callide tametsi stips doloremque quas in verbera. Territo acceptus vivo cupiditas comburo caute.,2024-10-09T11:43:17.942Z,0
6706701c98ac07710c36c190,6706701a98ac07710c36afaf,6706701a98ac07710c36b05e,Vilis vilicus creator ultio thema cupio. Sequi calamitas sequi. Triduana agnitio asperiores.,2024-10-08T14:00:45.994Z,0
6706701c98ac07710c36c191,6706701a98ac07710c36af89,6706701a98ac07710c36b03e,Perspiciatis supra ambulo appositus arguo temperantia. Auctus vomito vorago crastinus. Benigne tum cotidie addo tendo valens at.,2024-10-09T00:03:09.903Z,0
6706701c98ac07710c36c192,6706701a98ac07710c36af41,6706701a98ac07710c36b0a0,Cervus centum vulgus volva tactus ambulo consequatur. Acerbitas antepono tero corrigo appositus valetudo amo ambulo cometes. Dens vulariter trans amplexus error tollo consequuntur.,2024-10-09T10:19:00.815Z,0
6706701c98ac07710c36c193,6706701a98ac07710c36aeba,6706701a98ac07710c36b083,Temeritas soluta aureus quia vicissitudo. Aegrotatio derelinquo tametsi. Comburo coaegresco vergo adversus cupiditate ager delectus.,2024-10-09T05:11:39.750Z,0
6706701c98ac07710c36c194,6706701a98ac07710c36af55,6706701a98ac07710c36b096,Adfero cibo depraedor ea cunctatio delibero. Eos abduco cicuta ullus decet ullus cornu accendo anser teres. Copiose sophismata spes conqueror deficio adaugeo.,2024-10-08T19:15:35.283Z,0
6706701c98ac07710c36c195,6706701a98ac07710c36aef8,6706701a98ac07710c36b0ec,Texo acquiro coaegresco cruentus suggero. Demulceo bonus expedita culpa verumtamen. Crepusculum vester derelinquo.,2024-10-08T23:44:59.312Z,0
6706701c98ac07710c36c196,6706701a98ac07710c36aeb2,6706701a98ac07710c36afec,Victus admoveo nostrum ager ver cohibeo. Victus spiculum arbor porro claro earum delectus unus. Vomito tabula absum.,2024-10-09T04:55:19.831Z,0
6706701c98ac07710c36c197,6706701a98ac07710c36aefc,6706701a98ac07710c36b0f4,Caste supra trepide conicio eum id demum video pectus constans. Tubineus autem cras adiuvo sit crur strues bene cornu. Cunabula synagoga solio amita fuga adstringo.,2024-10-09T01:05:45.902Z,0
6706701c98ac07710c36c198,6706701a98ac07710c36af67,6706701a98ac07710c36b008,Dens subito umbra ipsam solitudo tantillus casus doloribus solitudo. Acsi denuncio articulus contra demoror. Quis concedo spes cresco adimpleo canonicus depromo tam.,2024-10-08T22:20:32.698Z,0
6706701c98ac07710c36c199,6706701a98ac07710c36af75,6706701a98ac07710c36b0c9,Audio aperio tristis articulus tempora terminatio tero ars. Nesciunt admoveo tredecim cui accedo trucido virga. Soluta animus dolorum tribuo dens carus cunabula aqua accusamus.,2024-10-09T04:09:36.555Z,0
6706701c98ac07710c36c19a,6706701a98ac07710c36af39,6706701a98ac07710c36b0a2,Absens tripudio spectaculum civis corrigo. Vel sperno urbs versus pariatur tametsi dolor civis provident. Vulnero temptatio spiculum.,2024-10-09T03:42:59.832Z,0
6706701c98ac07710c36c19b,6706701a98ac07710c36afac,6706701a98ac07710c36b081,Verumtamen spes adfero sono usitas. Volutabrum titulus deserunt adimpleo facilis. Iste fugiat talus varius.,2024-10-09T00:42:26.677Z,0
6706701c98ac07710c36c19c,6706701a98ac07710c36aecc,6706701a98ac07710c36b055,Ulterius baiulus uberrime suasoria. Ante balbus volutabrum textus theologus calcar spero. Eum sollers delectus strenuus alienus concedo aduro varius.,2024-10-08T20:37:41.077Z,0
6706701c98ac07710c36c19d,6706701a98ac07710c36afb2,6706701a98ac07710c36b044,Cupiditate suffoco utroque aureus degero colligo desino patrocinor mollitia acies. Caelestis tripudio unde doloremque doloremque verbera volubilis coniuratio. Ante dolorum cinis sumptus vilis concido.,2024-10-08T15:28:00.255Z,0
6706701c98ac07710c36c19e,6706701a98ac07710c36af02,6706701a98ac07710c36aff8,Minus alienus officia iure ullus. Triumphus vitae cuius. Cui conservo asperiores.,2024-10-09T06:31:31.929Z,0
6706701c98ac07710c36c19f,6706701a98ac07710c36af14,6706701a98ac07710c36b0e4,Quo auctus ceno quidem suus catena trepide pecto. Carus pauci tego angustus baiulus cibus cimentarius supra. Laudantium subiungo sapiente clamo cohibeo victus tantillus.,2024-10-08T19:35:48.186Z,0
6706701c98ac07710c36c1a0,6706701a98ac07710c36af79,6706701a98ac07710c36b0ca,Adipiscor omnis trado voluntarius claustrum tepesco. Spiritus tenetur pauci utor amissio vulariter ab. Degusto ipsum colligo color vesper absque summa sto.,2024-10-08T16:03:41.391Z,0
6706701c98ac07710c36c1a1,6706701a98ac07710c36af07,6706701a98ac07710c36b0be,Color creo cogito laudantium illum alioqui. Caecus cito arma consequuntur. Earum denuo delicate appositus villa coaegresco thymum sublime subnecto virgo.,2024-10-09T05:01:23.201Z,0
6706701c98ac07710c36c1a2,6706701a98ac07710c36af04,6706701a98ac07710c36b022,Atqui studio perspiciatis colligo tametsi laboriosam denique atrocitas adeo. Vigilo vis ter decens viduo absorbeo. Videlicet currus depromo suppono tenetur bellicus cognomen claustrum.,2024-10-08T21:58:26.865Z,0
6706701c98ac07710c36c1a3,6706701a98ac07710c36af48,6706701a98ac07710c36afe9,Abundans animadverto abstergo damnatio aetas suscipit tepidus quam accusantium inflammatio. Deficio error attollo praesentium. Tutamen tempora bellum velut libero coerceo subvenio praesentium.,2024-10-09T02:41:15.237Z,0
6706701c98ac07710c36c1a4,6706701a98ac07710c36af70,6706701a98ac07710c36b0f7,Adhuc coerceo degusto adsuesco demonstro. Uterque demum denuncio explicabo tondeo adnuo uter deinde. Sufficio crapula totidem coepi aspicio aperio coniecto.,2024-10-09T01:36:50.520Z,0
6706701c98ac07710c36c1a5,6706701a98ac07710c36aefe,6706701a98ac07710c36b05b,Fuga ciminatio ubi. Sunt adiuvo callide damnatio ab clam ancilla aqua aeger. Amor alter tabernus pecto sonitus benevolentia quas catena sodalitas.,2024-10-09T04:20:46.561Z,0
6706701c98ac07710c36c1a6,6706701a98ac07710c36af15,6706701a98ac07710c36b0f3,Denique despecto deduco annus coaegresco tabula vulnus decor angustus trucido. Agnitio calculus absum suffoco adsum vespillo careo decretum triduana cultellus. Debitis contigo uter velut demum timidus summisse verecundia demonstro.,2024-10-08T22:03:51.571Z,0
6706701c98ac07710c36c1a7,6706701a98ac07710c36af25,6706701a98ac07710c36afe0,Dedico absconditus torqueo tego. Voco stabilis comedo incidunt unde arbitro aiunt vesco. Auctus quae desidero quidem crapula calcar inflammatio vindico.,2024-10-09T11:24:01.426Z,0
6706701c98ac07710c36c1a8,6706701a98ac07710c36af54,6706701a98ac07710c36b053,Valde ultra paens studio defessus vorago. Suspendo tepidus video decimus admitto laboriosam. Eligendi beneficium convoco possimus acquiro.,2024-10-08T23:02:20.469Z,0
6706701c98ac07710c36c1a9,6706701a98ac07710c36aeca,6706701a98ac07710c36b0e5,Ustulo adnuo caecus. Maiores conforto adulescens dolore speciosus basium cimentarius minus despecto nam. Vobis strenuus solitudo aestus vilitas creber adicio cruentus excepturi.,2024-10-08T23:51:44.074Z,0
6706701c98ac07710c36c1aa,6706701a98ac07710c36aebc,6706701a98ac07710c36b091,Cunctatio cotidie verumtamen temeritas custodia ea dedecor officiis. Appello somnus facere sopor peccatus curatio sono timidus cubo. Calamitas ancilla placeat fuga.,2024-10-08T22:50:46.943Z,0
6706701c98ac07710c36c1ab,6706701a98ac07710c36af16,6706701a98ac07710c36b09b,Tenetur spoliatio usitas itaque. Vir velut amita tactus neque tui cruentus. Abbas verbum a ubi.,2024-10-09T09:03:35.940Z,0
6706701c98ac07710c36c1ac,6706701a98ac07710c36afb6,6706701a98ac07710c36b031,Deprecator concido suffoco color cui valde vorax. Ad ancilla vilitas unus suus subvenio. Tremo suffragium tero sapiente.,2024-10-08T16:16:01.219Z,0
6706701c98ac07710c36c1ad,6706701a98ac07710c36af53,6706701a98ac07710c36b044,Laboriosam tunc valetudo dedico. Arca despecto aggredior odit. Dolor comes ex tantum.,2024-10-08T21:21:45.840Z,0
6706701c98ac07710c36c1ae,6706701a98ac07710c36af85,6706701a98ac07710c36b017,Ambitus tantum balbus trado. Accedo barba bellicus deprimo arceo anser. Laboriosam subseco antepono auxilium circumvenio arma vomito ipsam somnus.,2024-10-08T21:01:53.061Z,0
6706701c98ac07710c36c1af,6706701a98ac07710c36af17,6706701a98ac07710c36affe,Conforto chirographum auctus atque catena videlicet trucido conscendo. Comprehendo cubitum spargo vesper aspicio dedico vociferor. Ipsam vigilo conservo ager aequitas averto cotidie caput aperte.,2024-10-09T08:52:58.092Z,0
6706701c98ac07710c36c1b0,6706701a98ac07710c36af52,6706701a98ac07710c36b021,Agnosco tamdiu suppellex. Advoco sunt adstringo vesper aiunt. Demergo coniuratio cultura amet.,2024-10-09T01:50:56.362Z,0
6706701c98ac07710c36c1b1,6706701a98ac07710c36aec6,6706701a98ac07710c36aff6,Tabernus corrumpo brevis. Videlicet vulnero benevolentia tolero arbustum caste aer a carpo. Cimentarius valde amplexus creber culpo absens doloremque cultellus volubilis adhaero.,2024-10-09T00:28:07.015Z,0
6706701c98ac07710c36c1b2,6706701a98ac07710c36af08,6706701a98ac07710c36b0f1,Cito omnis spero a versus aliqua. Capio arto fuga utrum carcer caecus aedificium blanditiis quisquam. Accendo amo volo tenus tenax fugiat ciminatio statua viriliter ventosus.,2024-10-09T01:00:39.508Z,0
6706701c98ac07710c36c1b3,6706701a98ac07710c36af96,6706701a98ac07710c36b05b,Communis abbas spiritus. Vesper utor caelestis alienus saepe statim virgo inventore accommodo. Sortitus defaeco magnam adficio provident vigor solus adflicto.,2024-10-09T05:32:02.096Z,0
6706701c98ac07710c36c1b4,6706701a98ac07710c36aeb0,6706701a98ac07710c36b028,Territo vulgivagus vae. Sordeo delibero clam conor agnosco vindico sortitus statim. Antea terga thesaurus atrox quaerat tolero canis accommodo caries.,2024-10-08T13:09:09.476Z,0
6706701c98ac07710c36c1b5,6706701a98ac07710c36af40,6706701a98ac07710c36afcf,Utilis viridis contigo atque arcesso. Cenaculum statua cetera curo. Pauci deripio valens cernuus.,2024-10-09T00:25:54.410Z,0
6706701c98ac07710c36c1b6,6706701a98ac07710c36af89,6706701a98ac07710c36b080,Necessitatibus at aggero maxime. Nisi vesica vivo bestia claro curtus. Vulgo vesper ater substantia tristis.,2024-10-08T22:36:21.108Z,0
6706701c98ac07710c36c1b7,6706701a98ac07710c36aef3,6706701a98ac07710c36b0b5,Nihil vociferor similique tonsor cervus casso. Ventosus capitulus credo tubineus stipes. Corrumpo benevolentia vel.,2024-10-09T09:20:21.182Z,0
6706701c98ac07710c36c1b8,6706701a98ac07710c36aea8,6706701a98ac07710c36afd5,Blanditiis blanditiis cum aspicio aliquam cui sed chirographum antepono. Atavus saepe itaque nemo infit votum coniecto. Veritatis adstringo tribuo.,2024-10-09T01:33:18.459Z,0
6706701c98ac07710c36c1b9,6706701a98ac07710c36aea4,6706701a98ac07710c36b0e1,Vilitas verto adflicto abscido subseco vinum teneo sufficio voluptas. Vulgaris spectaculum vehemens copia tracto ullam communis tredecim. Dignissimos conor abstergo.,2024-10-08T19:59:01.778Z,0
6706701c98ac07710c36c1ba,6706701a98ac07710c36aec9,6706701a98ac07710c36b094,Claudeo claudeo vespillo spiritus nulla. Cupiditate bonus libero vita copia altus commemoro agnitio comitatus despecto. Undique communis commemoro decimus tepesco vulariter cultura veritas ocer.,2024-10-09T04:09:06.134Z,0
6706701c98ac07710c36c1bb,6706701a98ac07710c36afb8,6706701a98ac07710c36b0a8,Decet caries cedo argumentum. Ocer inflammatio volva porro assentator. Cupio vivo caterva concido tenuis clementia decipio antea conatus totam.,2024-10-08T13:33:50.810Z,0
6706701c98ac07710c36c1bc,6706701a98ac07710c36af25,6706701a98ac07710c36b0e8,Cum subseco solitudo sui vindico consequatur aptus talis. Super tamen antiquus conservo sulum clementia vomica cultellus. Strenuus contigo trucido atrocitas canonicus capillus tener timor certe.,2024-10-08T18:55:53.203Z,0
6706701c98ac07710c36c1bd,6706701a98ac07710c36af76,6706701a98ac07710c36b09e,Tabella strues dignissimos occaecati dolores commemoro. Varius ara ullus adsuesco temeritas confido voluptas. Veniam combibo adicio cohibeo necessitatibus attonbitus.,2024-10-08T15:45:08.312Z,0
6706701c98ac07710c36c1be,6706701a98ac07710c36aed6,6706701a98ac07710c36aff9,Cervus avaritia tredecim apto curiositas beatus cum curtus decumbo deduco. Cometes arguo amicitia. Vis defendo carbo adicio ustilo ducimus audacia.,2024-10-08T19:06:33.891Z,0
6706701c98ac07710c36c1bf,6706701a98ac07710c36aefd,6706701a98ac07710c36afda,Sto fugit vito contego ceno. Alii crinis sponte numquam. Corona defleo sponte vulpes suscipio atque.,2024-10-08T14:44:08.047Z,0
6706701c98ac07710c36c1c0,6706701a98ac07710c36af3c,6706701a98ac07710c36b0d3,Ciminatio sollicito tego alveus iure cogito tepidus quisquam traho. Laboriosam cupiditate virga crux crinis advoco reiciendis. Solium spes adulatio tum baiulus tergiversatio adiuvo quo temporibus.,2024-10-09T10:11:38.204Z,0
6706701c98ac07710c36c1c1,6706701a98ac07710c36aedb,6706701a98ac07710c36b0af,Crastinus clarus thermae nostrum vacuus. Coaegresco pecus pariatur vulnero tabgo varius suasoria cresco. Umbra coepi desolo.,2024-10-08T16:05:09.665Z,0
6706701c98ac07710c36c1c2,6706701a98ac07710c36afab,6706701a98ac07710c36b05a,Paulatim contigo nam cursus concido aurum complectus mollitia cupressus. Velum suppono despecto aro aggredior umquam. Atqui vorago laborum conduco omnis deprecator tamisium enim deinde.,2024-10-08T19:30:53.584Z,0
6706701c98ac07710c36c1c3,6706701a98ac07710c36afa2,6706701a98ac07710c36b0ba,Volaticus aveho nemo dolorum. Denique appello usus distinctio atqui cunae quam civis ter. Peior tremo suasoria stips.,2024-10-08T22:21:48.027Z,0
6706701c98ac07710c36c1c4,6706701a98ac07710c36afa8,6706701a98ac07710c36b0e2,Sursum cresco fuga architecto alter animus depereo subnecto ciminatio conforto. Demens sodalitas nostrum tabgo. Tui sursum caelestis sordeo canto ad beneficium.,2024-10-09T03:24:18.063Z,0
6706701c98ac07710c36c1c5,6706701a98ac07710c36af35,6706701a98ac07710c36b069,Carbo colo amissio curiositas aspernatur. Cui pax sollers blandior voluntarius. Solum subiungo corpus thalassinus avarus absconditus.,2024-10-09T06:54:04.769Z,0
6706701c98ac07710c36c1c6,6706701a98ac07710c36af19,6706701a98ac07710c36b03b,Sunt thymbra carbo validus illum. Aestas vulpes derideo. Consequuntur valens defessus timidus sequi esse coma desolo.,2024-10-09T10:55:36.512Z,0
6706701c98ac07710c36c1c7,6706701a98ac07710c36aec9,6706701a98ac07710c36b019,Solus quo reiciendis vinitor abstergo viridis adsidue. Cubo speculum auctus demum averto crepusculum aurum candidus. Timor depromo ubi comes.,2024-10-09T04:10:21.010Z,0
6706701c98ac07710c36c1c8,6706701a98ac07710c36af0c,6706701a98ac07710c36b0b2,Acceptus comparo adversus centum spiritus demum. Carbo aperte temptatio amor curtus. Sophismata impedit utrimque auctor culpo deludo ventosus civitas cum aestivus.,2024-10-08T13:37:49.584Z,0
6706701c98ac07710c36c1c9,6706701a98ac07710c36aeed,6706701a98ac07710c36b05d,Coniecto velociter demergo perferendis cohaero tunc. Trans consuasor beatae cognatus delicate labore caste cultellus curso. Decipio stips dapifer paens stillicidium sumptus.,2024-10-09T00:53:57.176Z,0
6706701c98ac07710c36c1ca,6706701a98ac07710c36af8d,6706701a98ac07710c36b0c6,Vestrum aggredior ademptio cursus suffoco. Cura dolorum abscido adiuvo reiciendis concido aptus conatus ago. Conor demoror peccatus ex celer stipes vis ultra canis coruscus.,2024-10-08T19:27:52.931Z,0
6706701c98ac07710c36c1cb,6706701a98ac07710c36afa4,6706701a98ac07710c36b07b,Defero vesica utrimque sunt alienus cohors ademptio auxilium videlicet. Suspendo statua crudelis ambulo absorbeo dens. Sursum decretum iste.,2024-10-08T14:33:30.083Z,0
6706701c98ac07710c36c1cc,6706701a98ac07710c36af26,6706701a98ac07710c36afd3,Molestiae amita consequuntur venia aliquam. Verumtamen utor tertius. Nesciunt tunc suppono.,2024-10-09T07:24:23.916Z,0
6706701c98ac07710c36c1cd,6706701a98ac07710c36af86,6706701a98ac07710c36b07a,Tubineus cado velit. Cubo circumvenio adflicto vulticulus adnuo neque desipio sint atavus. Adhaero subito defendo contabesco arto umquam aurum adnuo.,2024-10-08T22:06:41.371Z,0
6706701c98ac07710c36c1ce,6706701a98ac07710c36af82,6706701a98ac07710c36b059,Caecus ratione viridis voluptatum capitulus crastinus architecto antea. Tubineus utrimque denuo delicate amplexus. Tamen vehemens suppellex calculus.,2024-10-08T19:55:46.224Z,0
6706701c98ac07710c36c1cf,6706701a98ac07710c36aef4,6706701a98ac07710c36b06d,Iure quod sono aspicio pax maxime concedo. Terra patruus facilis tracto amet. Atavus tripudio subiungo turba abbas.,2024-10-09T03:04:41.687Z,0
6706701c98ac07710c36c1d0,6706701a98ac07710c36af33,6706701a98ac07710c36b0ab,Solitudo coniecto tonsor trucido cupiditate ubi. Artificiose sordeo averto astrum advenio ipsa. Adipisci voluptate dedecor utique.,2024-10-08T21:37:31.564Z,0
6706701c98ac07710c36c1d1,6706701a98ac07710c36afbd,6706701a98ac07710c36b08e,Bis suffoco cavus socius aegrus corrupti defluo est ait dolorum. Tenetur cubo caelum possimus. Suffragium tutamen caritas.,2024-10-09T10:03:18.497Z,0
6706701c98ac07710c36c1d2,6706701a98ac07710c36afc4,6706701a98ac07710c36b02f,Amet torrens pauper auxilium. Arca ars vorax inventore nam conatus conspergo apparatus quam vix. Creta aegre verus canonicus.,2024-10-08T12:53:05.406Z,0
6706701c98ac07710c36c1d3,6706701a98ac07710c36af70,6706701a98ac07710c36b084,Quis accusamus vestigium vomer varius pax tolero paulatim denuo debilito. Cariosus dapifer tristis appono. Corrupti ut carus praesentium peior cimentarius textor terga cogito vilicus.,2024-10-09T06:46:02.717Z,0
6706701c98ac07710c36c1d4,6706701a98ac07710c36aeec,6706701a98ac07710c36b0da,Cui baiulus amaritudo velut. Audeo sumptus compono cras dapifer. Accusantium aspernatur viscus auctor copia caterva pecto dolor.,2024-10-08T17:00:37.833Z,0
6706701c98ac07710c36c1d5,6706701a98ac07710c36af05,6706701a98ac07710c36b091,Stabilis velit venio eveniet denego carpo cimentarius uterque. Communis armarium at spes crudelis creta. Brevis cumque virga tabesco non crudelis adversus teres capillus.,2024-10-08T17:14:04.166Z,0
6706701c98ac07710c36c1d6,6706701a98ac07710c36afc5,6706701a98ac07710c36b0bc,Speciosus vir termes necessitatibus vestigium advenio alioqui verumtamen volaticus. Adinventitias amplus circumvenio corona. Caelum provident solum cognatus.,2024-10-09T00:37:51.747Z,0
6706701c98ac07710c36c1d7,6706701a98ac07710c36af17,6706701a98ac07710c36b015,Animadverto aliquam aeneus aranea argentum defaeco claro utrum amplexus. Cavus acerbitas comminor pauper. Blanditiis quam truculenter desparatus tunc argumentum tepesco subiungo.,2024-10-09T05:01:28.777Z,0
6706701c98ac07710c36c1d8,6706701a98ac07710c36aea9,6706701a98ac07710c36b060,Cum tondeo campana crudelis sulum tandem laborum claustrum repudiandae consequatur. Vox vulariter approbo. Ducimus spiculum acsi tres.,2024-10-09T11:10:29.041Z,0
6706701c98ac07710c36c1d9,6706701a98ac07710c36aeba,6706701a98ac07710c36b063,Venia adflicto adsuesco debitis denuncio avaritia degero usque volaticus ago. Vestigium adhuc sponte suus contabesco vesica alii toties voluptates comptus. Spiculum clementia comis defendo atavus tenus timor collum decipio stella.,2024-10-09T04:16:18.823Z,0
6706701c98ac07710c36c1da,6706701a98ac07710c36aef4,6706701a98ac07710c36b074,Theca carmen adimpleo adeptio supra. Vacuus quaerat crinis accusantium vociferor ante vapulus atque aegrus. Tot viridis tener delinquo acies supra vel torrens terminatio vetus.,2024-10-09T04:21:42.705Z,0
6706701c98ac07710c36c1db,6706701a98ac07710c36af81,6706701a98ac07710c36b0ab,Suffragium quasi tantum audio numquam comburo acsi confero. Curis validus viriliter aufero. Tremo deleo error pel.,2024-10-09T00:35:01.432Z,0
6706701c98ac07710c36c1dc,6706701a98ac07710c36af8e,6706701a98ac07710c36b09a,Vinum patior pecus alias cupiditate amicitia. Vester cruciamentum ullus maiores. Avaritia voco provident communis velociter cauda aliquid coepi caterva.,2024-10-08T23:13:47.108Z,0
6706701c98ac07710c36c1dd,6706701a98ac07710c36af07,6706701a98ac07710c36affd,Vomer vallum dedecor astrum abundans ocer suadeo deduco. Itaque usque volva undique spargo conculco depopulo. Suppellex cura sub verbera varius dignissimos summa corpus cupiditas.,2024-10-08T13:52:41.506Z,0
6706701c98ac07710c36c1de,6706701a98ac07710c36af29,6706701a98ac07710c36b06f,Demulceo porro dedecor traho peccatus. Cado somniculosus volva triduana. Subseco balbus vulticulus earum excepturi atrocitas vulgo urbanus perferendis.,2024-10-09T06:29:46.577Z,0
6706701c98ac07710c36c1df,6706701a98ac07710c36af41,6706701a98ac07710c36afda,Sponte consequuntur sponte vado vorago censura vita barba cado. Blanditiis alveus sed cribro. Sol adflicto quis trepide volubilis mollitia.,2024-10-09T05:22:09.119Z,0
6706701c98ac07710c36c1e0,6706701a98ac07710c36aedc,6706701a98ac07710c36b03f,Tum subvenio ventus cognatus nobis magni caterva incidunt. Degusto sumo accusantium aiunt coepi. Demo perferendis adhuc suppellex tenuis iste virgo antiquus.,2024-10-08T22:40:46.483Z,0
6706701c98ac07710c36c1e1,6706701a98ac07710c36af0d,6706701a98ac07710c36b025,Facilis doloremque vilicus cogito volup derideo vitiosus. Comminor administratio vix adfero abundans. Molestiae brevis ratione fuga error corrumpo nam conicio ubi.,2024-10-09T02:56:22.163Z,0
6706701c98ac07710c36c1e2,6706701a98ac07710c36af88,6706701a98ac07710c36b0ee,Vix provident cauda carcer error. Cernuus delibero compello cattus ars paulatim comprehendo suscipit tempore credo. Totus baiulus caelestis anser vis altus.,2024-10-08T12:07:49.511Z,0
6706701c98ac07710c36c1e3,6706701a98ac07710c36af25,6706701a98ac07710c36b0d4,Aggero harum thesaurus vetus. Repellat canis antea sunt accendo. Tamdiu adeo civitas perspiciatis concido ambulo.,2024-10-09T06:39:22.290Z,0
6706701c98ac07710c36c1e4,6706701a98ac07710c36aea5,6706701a98ac07710c36b076,Turbo velit quia charisma possimus tepesco ut omnis blanditiis. Decor voluntarius coerceo paens adinventitias tabesco. Delectus odio neque usque addo.,2024-10-09T02:14:24.299Z,0
6706701c98ac07710c36c1e5,6706701a98ac07710c36afb9,6706701a98ac07710c36aff8,Beatus vespillo synagoga tristis nobis alienus. Suus comprehendo caries conicio adeptio triumphus. Voluptas tertius conculco cicuta adiuvo architecto.,2024-10-09T02:49:22.802Z,0
6706701c98ac07710c36c1e6,6706701a98ac07710c36afb9,6706701a98ac07710c36b056,Teneo dolores consuasor coniuratio certe depereo corrupti ara civitas. Cohaero solus carbo corroboro deficio administratio. Volutabrum placeat officia vinculum desino speculum.,2024-10-08T12:09:53.505Z,0
6706701c98ac07710c36c1e7,6706701a98ac07710c36af6c,6706701a98ac07710c36b0d5,Artificiose denego spectaculum. Voveo ab vinitor illum aestus. Veniam arx bene tantum tamisium adipisci iure sursum capio tamquam.,2024-10-08T23:17:34.653Z,0
6706701c98ac07710c36c1e8,6706701a98ac07710c36aeb3,6706701a98ac07710c36b076,Cedo amplexus aestus accusamus aranea ascisco adaugeo. Depulso amor crinis. Degenero nisi defendo credo contego terminatio stillicidium dapifer.,2024-10-08T18:35:34.281Z,0
6706701c98ac07710c36c1e9,6706701a98ac07710c36aeb3,6706701a98ac07710c36b035,Tum asporto tenax somnus audacia argumentum tyrannus concedo. Dedico texo tonsor tutamen provident. Vita usque deprimo canis dolorum.,2024-10-08T22:18:25.867Z,0
6706701c98ac07710c36c1ea,6706701a98ac07710c36afce,6706701a98ac07710c36b05e,Possimus delectatio nemo sollers voluptate iste aperiam carmen denego. Commemoro curo laudantium alienus sustineo tergeo qui. Expedita conqueror varius sol usitas decipio bos caute.,2024-10-08T22:52:41.438Z,0
6706701c98ac07710c36c1eb,6706701a98ac07710c36aef8,6706701a98ac07710c36aff8,Conspergo enim depopulo votum campana. Careo conculco solum. Constans ratione arbustum fuga cursus xiphias facere atque thesaurus ad.,2024-10-09T03:47:13.691Z,0
6706701c98ac07710c36c1ec,6706701a98ac07710c36aea5,6706701a98ac07710c36afe9,Tribuo ustilo audeo. Constans voluntarius crudelis clam. Calcar censura deserunt vereor volutabrum custodia baiulus.,2024-10-09T00:52:00.688Z,0
6706701c98ac07710c36c1ed,6706701a98ac07710c36afcb,6706701a98ac07710c36b076,Apparatus adeptio sponte at subito civis studio maxime. Voluptates ex contra calcar. Taceo attollo coma adflicto subseco animus confido ipsam.,2024-10-08T19:17:00.973Z,0
6706701c98ac07710c36c1ee,6706701a98ac07710c36af01,6706701a98ac07710c36b0be,Bonus utpote terga. Certus inflammatio arbitro articulus. Bos tempore uberrime cervus occaecati vitiosus claudeo aduro.,2024-10-08T15:19:51.757Z,0
6706701c98ac07710c36c1ef,6706701a98ac07710c36af8d,6706701a98ac07710c36b02b,Patrocinor aliqua vos stabilis. Ascisco vespillo bene patruus correptius vitae talus decipio. Degusto clibanus arcesso ciminatio callide complectus comparo harum toties abundans.,2024-10-09T04:43:00.357Z,0
6706701c98ac07710c36c1f0,6706701a98ac07710c36aed4,6706701a98ac07710c36b045,Alii arbustum adeptio absque credo veniam denique adsuesco debitis. Cuppedia taedium repudiandae capio arbustum minima ullam. Curtus apparatus abutor concido denuo ceno validus crebro cibo trans.,2024-10-08T22:23:46.348Z,0
6706701c98ac07710c36c1f1,6706701a98ac07710c36aef6,6706701a98ac07710c36b036,Caelum urbs curso abundans turpis baiulus amplus crux accommodo suus. Defleo nobis super cilicium compello excepturi bellum. Arto pauci cupiditate acer appono voluntarius.,2024-10-08T22:12:57.040Z,0
6706701c98ac07710c36c1f2,6706701a98ac07710c36af92,6706701a98ac07710c36b07f,Vox suggero adsuesco claro sublime dolor. Comptus vomer verbera. Adfectus tepidus quibusdam cunabula pectus.,2024-10-08T21:48:47.803Z,0
6706701c98ac07710c36c1f3,6706701a98ac07710c36aebe,6706701a98ac07710c36b073,Libero truculenter hic velut caries cunae auctor defaeco volaticus. Solutio adhaero umerus voluptas deputo tergiversatio avaritia validus. Adeo convoco arguo color aegrotatio.,2024-10-09T02:53:59.683Z,0
6706701c98ac07710c36c1f4,6706701a98ac07710c36afa6,6706701a98ac07710c36b08b,Conor adaugeo angustus videlicet coepi terreo allatus. Cogo cognomen vos aliquid custodia canonicus truculenter soleo aegre subito. Saepe solium verumtamen qui suspendo minima summa nisi.,2024-10-09T07:02:12.529Z,0
6706701c98ac07710c36c1f5,6706701a98ac07710c36af7b,6706701a98ac07710c36b03a,Vomito damno concedo fugit absconditus. Supplanto dapifer solvo adhaero. Explicabo velum crapula soluta ascisco sulum.,2024-10-08T22:08:54.893Z,0
6706701c98ac07710c36c1f6,6706701a98ac07710c36afc0,6706701a98ac07710c36b02a,Alii statua communis tener pax. Atqui cohibeo stips sustineo curso vaco tollo avarus. Vestigium natus solium canis casso dignissimos textor tempus substantia contra.,2024-10-09T02:56:17.366Z,0
6706701c98ac07710c36c1f7,6706701a98ac07710c36af7f,6706701a98ac07710c36b04e,Benigne cito dignissimos ter ubi. Animus ipsa absum. Minus asporto trucido.,2024-10-08T18:35:52.002Z,0
6706701c98ac07710c36c1f8,6706701a98ac07710c36aed6,6706701a98ac07710c36b025,Vulgo vulnero vulnero cubicularis aufero desparatus vicissitudo laudantium. Combibo tollo abstergo stipes corrupti super corporis cupiditas. Caveo vomer totus anser illum conventus cohors amet expedita.,2024-10-08T16:02:32.474Z,0
6706701c98ac07710c36c1f9,6706701a98ac07710c36aed6,6706701a98ac07710c36b017,Esse auctus triduana. Vox varius coma combibo arbor circumvenio cado numquam terror. Cena asper aduro constans tamisium congregatio.,2024-10-08T23:57:59.867Z,0
6706701c98ac07710c36c1fa,6706701a98ac07710c36afab,6706701a98ac07710c36afd3,Maxime arx crastinus. Amitto tandem vir sursum uredo vulnero. Argumentum sollers appello laudantium conforto tendo.,2024-10-08T17:21:39.809Z,0
6706701c98ac07710c36c1fb,6706701a98ac07710c36af1a,6706701a98ac07710c36b0a6,Nihil curriculum corporis versus cognatus officia balbus victoria. Caute attonbitus vos vulpes statim mollitia centum peior. Creber studio aro arceo denuncio aureus.,2024-10-08T17:14:45.044Z,0
6706701c98ac07710c36c1fc,6706701a98ac07710c36af1a,6706701a98ac07710c36aff7,Cornu suasoria subseco talus terminatio candidus deripio. Sono celer adaugeo talio stultus. Vere conitor artificiose vestigium conculco.,2024-10-09T10:47:37.808Z,0
6706701c98ac07710c36c1fd,6706701a98ac07710c36afcc,6706701a98ac07710c36b054,Tero paens subnecto verbum terga. Modi nostrum verbera tener taceo demitto demens. Canis ceno tamquam vero.,2024-10-09T03:08:27.357Z,0
6706701c98ac07710c36c1fe,6706701a98ac07710c36afc1,6706701a98ac07710c36b0d7,Vitae defessus cibo. Vacuus triduana aspicio amet vespillo vobis. Vix adhaero contra.,2024-10-08T23:19:14.718Z,0
6706701c98ac07710c36c1ff,6706701a98ac07710c36af2e,6706701a98ac07710c36b02d,Ventus tabella molestias spiritus urbs. Thymum adulescens amet nulla vulticulus tabgo. Sponte sophismata abeo amor.,2024-10-08T13:17:59.969Z,0
6706701c98ac07710c36c200,6706701a98ac07710c36af27,6706701a98ac07710c36b070,Neque deleniti tamisium sufficio ultra bardus. Crux adiuvo absens congregatio damnatio sol cumque. Victoria reiciendis aeger acer aranea ad vinculum audio verecundia.,2024-10-08T16:18:56.001Z,0
6706701c98ac07710c36c201,6706701a98ac07710c36afb3,6706701a98ac07710c36b072,Cado ducimus copia ceno pax speculum minus cohaero amplus vinculum. Victus nam impedit tribuo cunae voro concedo. Amet suadeo solitudo civis collum summa denuo adversus subiungo thesaurus.,2024-10-09T00:17:38.954Z,0
6706701c98ac07710c36c202,6706701a98ac07710c36aef3,6706701a98ac07710c36b00c,Colo volutabrum curo dedico benigne terebro cum. Collum tumultus unus tersus attollo ceno. Vulticulus tres quibusdam velut ab.,2024-10-08T13:04:06.544Z,0
6706701c98ac07710c36c203,6706701a98ac07710c36af73,6706701a98ac07710c36b090,Apostolus circumvenio utroque voluptas voluntarius adipiscor. Avarus pectus vilicus. Titulus tametsi spoliatio adamo valens socius.,2024-10-08T17:02:28.317Z,0
6706701c98ac07710c36c204,6706701a98ac07710c36aecf,6706701a98ac07710c36afd4,Cogo tibi cinis vulnus eos corpus canto usitas tabula quas. Concido aegrus bos adhaero. Tabgo ventus vado speculum cuius coepi claudeo stultus timidus corporis.,2024-10-08T19:21:23.559Z,0
6706701c98ac07710c36c205,6706701a98ac07710c36aeeb,6706701a98ac07710c36b0b9,Tui coerceo illum ait velit casso caste creta trucido. Corrigo usque nobis amor corona accedo. Optio suspendo vindico tolero bellicus reiciendis vespillo.,2024-10-08T19:37:47.125Z,0
6706701c98ac07710c36c206,6706701a98ac07710c36af7e,6706701a98ac07710c36b045,Valetudo nisi sopor porro audax subnecto teres cur. Bonus cupressus adaugeo civis viscus angelus ago apostolus. Aufero censura turpis tam delibero anser calculus stips officia.,2024-10-08T22:30:18.854Z,0
6706701c98ac07710c36c207,6706701a98ac07710c36af08,6706701a98ac07710c36b0c9,Sapiente absque tenuis conturbo supplanto canis alias. Abscido celer perferendis constans tracto cui rerum cohibeo. Velit antea audentia ager color voluptates creber.,2024-10-08T20:33:17.961Z,0
6706701c98ac07710c36c208,6706701a98ac07710c36af6f,6706701a98ac07710c36b06c,Varietas atque tandem cometes coniuratio maxime patruus cruentus ullam temeritas. Arbitro pecco acceptus verbera comprehendo aduro arx non. Amplus condico id aeternus minus.,2024-10-08T16:09:49.451Z,0
6706701c98ac07710c36c209,6706701a98ac07710c36af6b,6706701a98ac07710c36b0b3,Villa bos earum comminor corroboro vomito carcer acidus abbas canonicus. Commemoro desipio cruentus comburo patria arcus curvo tepidus usitas. Sortitus verecundia defetiscor turpis.,2024-10-08T16:57:07.493Z,0
6706701c98ac07710c36c20a,6706701a98ac07710c36af74,6706701a98ac07710c36b030,Cupiditas condico tui. Cinis catena statua denuo abduco cribro strenuus. Cura curis cilicium aequitas curso patria taedium corpus.,2024-10-09T05:53:38.682Z,0
6706701c98ac07710c36c20b,6706701a98ac07710c36af42,6706701a98ac07710c36b03a,Mollitia thorax callide victoria copia demens civitas. Considero auctor delibero vere alius terreo amet nulla. Dolorum velit cito vicinus conculco vulgus testimonium arma aduro caries.,2024-10-08T21:47:39.275Z,0
6706701c98ac07710c36c20c,6706701a98ac07710c36af14,6706701a98ac07710c36b063,Adipiscor abutor eligendi unus adhuc ubi vester tamisium depulso. Cedo amor tui vel trado qui argentum cur. Cultellus sopor tantillus subvenio.,2024-10-09T02:25:31.188Z,0
6706701c98ac07710c36c20d,6706701a98ac07710c36af81,6706701a98ac07710c36b0e4,Substantia amet nihil tactus taedium appello sit officiis. Apostolus teneo corrigo magnam addo defendo. Tego adicio totidem ipsam volup perferendis temporibus suffragium ara quibusdam.,2024-10-08T21:22:50.467Z,0
6706701c98ac07710c36c20e,6706701a98ac07710c36afa5,6706701a98ac07710c36afd1,Centum vito balbus subvenio cado utpote trans. Argentum caste sollers summisse curtus esse confero caste. Ater vicinus vobis tardus qui tristis congregatio tibi conduco.,2024-10-08T15:37:37.393Z,0
6706701c98ac07710c36c20f,6706701a98ac07710c36aeb0,6706701a98ac07710c36b05b,Ulterius quis ambulo paulatim. Civitas arx degenero ademptio bonus sopor supplanto cornu substantia delicate. Thorax tracto utroque volutabrum calculus nostrum vitium facere abstergo colo.,2024-10-09T11:03:02.698Z,0
6706701c98ac07710c36c210,6706701a98ac07710c36aef4,6706701a98ac07710c36b0c5,Ventus aetas socius sumo aequitas chirographum absconditus accendo pax thymbra. Super mollitia comptus ipsum quis substantia ter tego triumphus ipsa. Nihil sollicito audeo cunae ventus audeo.,2024-10-08T18:58:59.710Z,0
6706701c98ac07710c36c211,6706701a98ac07710c36aef9,6706701a98ac07710c36b0b1,Cunctatio cedo denuncio angelus aspernatur spiritus arto tantum constans aut. Baiulus baiulus peior apostolus. Ea asperiores statim antepono tener celebrer desolo.,2024-10-09T04:36:47.437Z,0
6706701c98ac07710c36c212,6706701a98ac07710c36aeae,6706701a98ac07710c36b097,Conventus arcus cunctatio terra repellendus velociter praesentium custodia paulatim. Benigne tredecim terebro careo nihil deficio viduo. Accusantium conduco audio.,2024-10-09T01:35:38.714Z,0
6706701c98ac07710c36c213,6706701a98ac07710c36af47,6706701a98ac07710c36b0d1,Correptius cubitum speciosus victoria verecundia capillus triumphus summa cerno. Nulla vicissitudo cura laborum aranea abscido ancilla. Aegrus ara cursus demo sapiente cuppedia undique corrumpo urbanus.,2024-10-08T18:47:05.403Z,0
6706701c98ac07710c36c214,6706701a98ac07710c36af19,6706701a98ac07710c36b082,Aestivus rem copia. Suadeo peior caste socius defungo aperiam. Volva vigilo spoliatio tersus summa adhuc abstergo.,2024-10-08T17:55:40.665Z,0
6706701c98ac07710c36c215,6706701a98ac07710c36af5e,6706701a98ac07710c36b024,Pax impedit vivo tabernus. Vapulus sto surgo calamitas. Aiunt assentator avarus tubineus vicissitudo depopulo aestas uredo bellicus contego.,2024-10-08T12:27:25.969Z,0
6706701c98ac07710c36c216,6706701a98ac07710c36af63,6706701a98ac07710c36b0bd,Reiciendis thorax colligo thema exercitationem. Crinis stillicidium denuncio solium. Aureus patrocinor decerno vero velut nobis despecto accusantium avaritia.,2024-10-08T16:18:52.046Z,0
6706701c98ac07710c36c217,6706701a98ac07710c36afc1,6706701a98ac07710c36aff8,Statim claro ipsum armarium asperiores accendo adhaero magni averto. Sono perferendis considero suscipio viriliter thymum. Absens texo quia.,2024-10-08T18:59:11.031Z,0
6706701c98ac07710c36c218,6706701a98ac07710c36aebd,6706701a98ac07710c36b0d2,Arx ipsum vacuus adsidue timor communis ventus deleniti. Cras creptio sol tandem validus vestrum arto ago aspicio. Colo depereo ultio.,2024-10-09T07:26:32.050Z,0
6706701c98ac07710c36c219,6706701a98ac07710c36af89,6706701a98ac07710c36aff7,Vociferor arma cotidie correptius admoveo conculco. Celer videlicet acerbitas tepidus autem vulnero apparatus acerbitas sopor antepono. Curvo tenuis virgo.,2024-10-09T01:47:52.931Z,0
6706701c98ac07710c36c21a,6706701a98ac07710c36af1e,6706701a98ac07710c36b08c,Subnecto vulnus dens id utpote. Aliqua adeo cubitum dolorum aggero ante vis vulnero adstringo. Solutio vomer adaugeo sponte harum conforto.,2024-10-09T09:08:02.270Z,0
6706701c98ac07710c36c21b,6706701a98ac07710c36af35,6706701a98ac07710c36b018,Vita conor admiratio. Clamo absorbeo vel appositus solio auctus decerno aetas tunc quia. Depereo crudelis subito.,2024-10-08T15:46:04.974Z,0
6706701c98ac07710c36c21c,6706701a98ac07710c36aedb,6706701a98ac07710c36b0cf,Dicta tunc una. Temporibus alveus vapulus. Abbas auxilium carmen dens aiunt verumtamen.,2024-10-08T23:09:08.291Z,0
6706701c98ac07710c36c21d,6706701a98ac07710c36af1c,6706701a98ac07710c36b063,Usitas soluta ipsam magni apparatus victus vinco thesaurus vesco. Cerno bos arcesso crastinus convoco bene vergo laboriosam ante. Quia aggero assumenda venio coniuratio capillus.,2024-10-08T16:30:31.053Z,0
6706701c98ac07710c36c21e,6706701a98ac07710c36aefc,6706701a98ac07710c36b079,Vehemens ullus suffragium minus tempora. Veritas adiuvo vinum degusto aequitas civitas vomer. Quisquam solitudo creo thermae undique acceptus.,2024-10-08T12:02:36.913Z,0
6706701c98ac07710c36c21f,6706701a98ac07710c36afc8,6706701a98ac07710c36b068,Id allatus temptatio delinquo vero. Odit pauper varius textor cognatus acquiro. Varietas alias subnecto peior deprecator aperte ubi repudiandae aperte.,2024-10-09T01:16:21.028Z,0
6706701c98ac07710c36c220,6706701a98ac07710c36aed6,6706701a98ac07710c36b047,Studio cupiditas virga vel creber ratione ea. Accusator teneo adnuo doloremque deripio comprehendo vetus peccatus. Appono adhaero adeo denego argentum crapula sponte certe alii.,2024-10-08T16:36:12.692Z,0
6706701c98ac07710c36c221,6706701a98ac07710c36af5a,6706701a98ac07710c36afd6,Tum arto coma nisi ab eum aggredior. Somnus quibusdam crinis. Bis admoveo conspergo sollers aggero adflicto.,2024-10-09T06:50:05.595Z,0
6706701c98ac07710c36c222,6706701a98ac07710c36aece,6706701a98ac07710c36b073,Tempore coerceo talis trans supra tenetur vox tripudio clam. Reiciendis viscus tempus abscido aut vulnus atqui conscendo casso creptio. Decens viscus suppellex.,2024-10-09T05:20:26.005Z,0
6706701c98ac07710c36c223,6706701a98ac07710c36af89,6706701a98ac07710c36b09a,Deprecator depraedor contigo dolorum colo. Aureus numquam explicabo tumultus. Volo spero corpus vallum cupio vulnero tibi.,2024-10-09T05:01:00.340Z,0
6706701c98ac07710c36c224,6706701a98ac07710c36aef0,6706701a98ac07710c36afdd,Trado assumenda amo. Altus adipisci ago quis avaritia dolores aestivus confero agnitio inventore. Vulnus adulescens solvo dedecor villa xiphias altus ut eveniet.,2024-10-09T06:08:59.525Z,0
6706701c98ac07710c36c225,6706701a98ac07710c36aef3,6706701a98ac07710c36b034,Baiulus baiulus tenax. Correptius sopor strenuus. Campana veniam abeo vomito dedico blanditiis sit tantillus deludo.,2024-10-08T18:32:56.920Z,0
6706701c98ac07710c36c226,6706701a98ac07710c36afb9,6706701a98ac07710c36b0f1,Vesica summisse amoveo cuius aequitas. Color cultura vomica tantum voluptas decimus uberrime id. Dedecor pariatur dedecor tricesimus qui titulus molestias canonicus degusto.,2024-10-08T17:48:36.779Z,0
6706701c98ac07710c36c227,6706701a98ac07710c36af4f,6706701a98ac07710c36b08a,Amitto creber cuius varietas depereo trucido. Tibi verto delinquo caste tenetur. Video pax taceo strues brevis.,2024-10-08T23:01:17.058Z,0
6706701c98ac07710c36c228,6706701a98ac07710c36aefe,6706701a98ac07710c36b041,Defero vindico copiose vomica. Audentia blanditiis absum avaritia. Constans conforto coerceo.,2024-10-09T00:10:47.256Z,0
6706701c98ac07710c36c229,6706701a98ac07710c36aebe,6706701a98ac07710c36b018,Copia barba defessus audax beatus causa dignissimos. Currus blanditiis depromo demulceo voveo tergo audacia. Spes cibo tribuo.,2024-10-08T19:08:11.889Z,0
6706701c98ac07710c36c22a,6706701a98ac07710c36afbb,6706701a98ac07710c36b083,Verbum cura arceo vergo thalassinus clibanus. Deripio testimonium provident eveniet causa cuppedia doloremque alias demoror. Volubilis quod alo succurro custodia appono volo.,2024-10-09T06:28:14.098Z,0
6706701c98ac07710c36c22b,6706701a98ac07710c36af77,6706701a98ac07710c36b0b4,Chirographum aedificium ullus. Harum tactus pauper quaerat brevis creptio ver tendo facere itaque. Tenetur comparo vorax deduco repellat.,2024-10-09T11:56:51.853Z,0
6706701c98ac07710c36c22c,6706701a98ac07710c36afa1,6706701a98ac07710c36b0a5,Cubicularis aureus contigo. Caput doloribus antea. Custodia termes similique aveho amitto.,2024-10-09T08:26:26.254Z,0
6706701c98ac07710c36c22d,6706701a98ac07710c36af0c,6706701a98ac07710c36b0ca,Capio crastinus apto coniuratio aegrotatio succedo sint ventito. Sol curtus enim acquiro vesica cursus virga cupressus. Ustilo deleo adimpleo.,2024-10-08T19:47:27.182Z,0
6706701c98ac07710c36c22e,6706701a98ac07710c36aee2,6706701a98ac07710c36b0bb,Viduo solium atrox tergo solium deporto curia mollitia ager arguo. Contabesco enim thymum urbs conscendo creo abstergo volup celebrer a. Adversus bibo sonitus carmen.,2024-10-08T14:26:11.741Z,0
6706701c98ac07710c36c22f,6706701a98ac07710c36af2a,6706701a98ac07710c36b099,Vix vulpes adulatio caries delibero valens vere caecus similique calcar. Capillus vix vester vulgivagus a allatus cetera tergiversatio. Autem stips tremo compono.,2024-10-08T19:45:25.544Z,0
6706701c98ac07710c36c230,6706701a98ac07710c36af45,6706701a98ac07710c36b029,Ancilla sum vomica aeneus vere curiositas. Acceptus corrupti avarus aeneus cotidie. Aqua porro usque adfero demulceo comminor curriculum corpus titulus nemo.,2024-10-09T02:47:16.033Z,0
6706701c98ac07710c36c231,6706701a98ac07710c36af4e,6706701a98ac07710c36b072,Videlicet molestias sapiente. Vilis voluptatum aspernatur. Cras tenuis laborum adeo totam combibo xiphias.,2024-10-08T16:21:51.643Z,0
6706701c98ac07710c36c232,6706701a98ac07710c36af15,6706701a98ac07710c36b0b3,Theca temporibus alveus occaecati. Carbo dolores coaegresco cerno demulceo tergo amitto. Cometes quas denique cotidie vorax adversus.,2024-10-08T16:19:05.388Z,0
6706701c98ac07710c36c233,6706701a98ac07710c36aeba,6706701a98ac07710c36b013,Patria vulpes vito cur voluptatem comis deleniti vulariter illo theatrum. Cruciamentum volva porro. Cresco sol ait verto degenero suppellex suus arcesso annus debeo.,2024-10-08T22:54:11.607Z,0
6706701c98ac07710c36c234,6706701a98ac07710c36aedc,6706701a98ac07710c36afee,Conspergo credo quidem corrupti tribuo aranea varius speculum vulnero. Odio casus benevolentia comis cibo averto aranea campana advoco acidus. Valeo strenuus repellat laboriosam tendo amoveo est cado crux deficio.,2024-10-09T04:10:01.753Z,0
6706701c98ac07710c36c235,6706701a98ac07710c36af0b,6706701a98ac07710c36b092,Umerus solium sono. Soleo amet solum caelum. Substantia colo arca audeo spectaculum denego.,2024-10-09T04:43:10.359Z,0
6706701c98ac07710c36c236,6706701a98ac07710c36af05,6706701a98ac07710c36b008,Advoco ad vereor vindico accendo amor cornu. Animi crastinus absens conturbo. Voluptas cunae utrum cunae adipisci comes.,2024-10-08T18:33:00.309Z,0
6706701c98ac07710c36c237,6706701a98ac07710c36aecb,6706701a98ac07710c36affe,Abundans absum vilicus minima ante caput articulus. Admoveo capillus complectus synagoga cumque paulatim. Terminatio facere acerbitas tenetur.,2024-10-08T23:46:04.483Z,0
6706701c98ac07710c36c238,6706701a98ac07710c36af72,6706701a98ac07710c36b0c2,Amicitia caritas ullus mollitia amitto ab virgo delinquo congregatio amplexus. Cilicium certus absque ater. Condico avaritia supellex curia.,2024-10-09T06:41:03.705Z,0
6706701c98ac07710c36c239,6706701a98ac07710c36af91,6706701a98ac07710c36b0a5,Defluo arceo pecco autem demulceo incidunt cognomen considero ustilo aegrus. Placeat aperio peior tactus cibo utor una. Demens crur cogo.,2024-10-09T06:05:06.140Z,0
6706701c98ac07710c36c23a,6706701a98ac07710c36af96,6706701a98ac07710c36b0ca,Tersus celer cibus verumtamen. Compello alo tergiversatio altus correptius adiuvo ulciscor tenus sufficio varius. Asper via vociferor natus bos acies cursus copiose.,2024-10-08T16:36:10.842Z,0
6706701c98ac07710c36c23b,6706701a98ac07710c36af92,6706701a98ac07710c36b0aa,Turpis tametsi volo damnatio valeo cubicularis tactus admiratio. Accendo sui attollo undique capitulus commodo campana abutor aspernatur. Aestivus tres validus decor vel viriliter surgo demoror suus vero.,2024-10-09T11:24:06.506Z,0
6706701c98ac07710c36c23c,6706701a98ac07710c36af32,6706701a98ac07710c36b08f,Conor viriliter curtus ullus tabesco vulgivagus aliquam angelus amplexus calco. Sodalitas infit deleniti. Cognomen alo accusamus deleo cernuus comburo adsidue accusator tandem beatae.,2024-10-09T09:28:11.647Z,0
6706701c98ac07710c36c23d,6706701a98ac07710c36aec2,6706701a98ac07710c36aff2,Statim capillus saepe rerum concido tero. Vomica dedecor vigilo adeptio avarus beneficium clam aureus arx triduana. Tumultus voveo amoveo solio illo.,2024-10-09T11:16:06.543Z,0
6706701c98ac07710c36c23e,6706701a98ac07710c36af1e,6706701a98ac07710c36b0c1,Cubitum valetudo conatus minima depopulo. Tonsor varius abscido cupiditate blanditiis soluta titulus calamitas uter. Tumultus theologus dignissimos concedo degero arcesso.,2024-10-09T10:26:14.187Z,0
6706701c98ac07710c36c23f,6706701a98ac07710c36af7b,6706701a98ac07710c36b0c7,Creptio laudantium dolorum bellum ad bardus. Celer viduo dolorem attollo admoneo voluptate alter sufficio confido tantum. Vulariter video vinculum celebrer territo velum.,2024-10-08T19:49:42.016Z,0
6706701c98ac07710c36c240,6706701a98ac07710c36af8b,6706701a98ac07710c36b0d0,Cilicium aufero tenax curis vespillo demonstro. Ustilo amaritudo amplitudo terra vobis titulus delectatio agnosco acsi. Porro defungo titulus unus cibo bardus succedo utpote accusamus.,2024-10-09T06:57:32.612Z,0
6706701c98ac07710c36c241,6706701a98ac07710c36af37,6706701a98ac07710c36b067,Quaerat aureus a aequus id. Tersus delectus ubi. Contra suscipio degusto adfero stillicidium depono absorbeo amplitudo.,2024-10-08T18:22:29.891Z,0
6706701c98ac07710c36c242,6706701a98ac07710c36afa5,6706701a98ac07710c36b0d6,Adulescens verus arceo admoveo umbra pax bardus ceno asperiores capio. Admoneo sordeo dedecor arbustum summopere bardus candidus eius spes cometes. Facilis sub creptio tabella desparatus triduana dedico acies.,2024-10-09T08:09:35.462Z,0
6706701c98ac07710c36c243,6706701a98ac07710c36af1e,6706701a98ac07710c36b094,Tot depereo adduco virgo una. Demens at tam a succedo. Via spoliatio deduco vehemens vulgaris vilitas turpis patria cupiditate varius.,2024-10-09T07:31:46.041Z,0
6706701c98ac07710c36c244,6706701a98ac07710c36aefc,6706701a98ac07710c36b0af,Clamo illo vomer aggero vulgaris defendo cariosus. Carbo studio voro libero toties annus alii angulus. Arca corrupti cometes temptatio aestus eum considero audeo cervus.,2024-10-08T14:36:26.906Z,0
6706701c98ac07710c36c245,6706701a98ac07710c36afb8,6706701a98ac07710c36b065,Sophismata utrum vulnus termes nam. Arguo vaco accommodo derelinquo color acidus sodalitas bestia velit. Soluta arcesso demens vesper delectatio timor atqui casso.,2024-10-08T16:13:46.762Z,0
6706701c98ac07710c36c246,6706701a98ac07710c36af31,6706701a98ac07710c36b0ea,Copia clarus nemo. Allatus suspendo amaritudo tandem clementia vae. Causa tremo denuncio desipio acquiro.,2024-10-08T14:12:36.203Z,0
6706701c98ac07710c36c247,6706701a98ac07710c36aecd,6706701a98ac07710c36b0a5,Esse cunae animus caput substantia. Assentator confero vado vapulus nam tamen teneo conscendo acceptus. Armarium summopere aqua armarium sufficio sint.,2024-10-09T06:00:13.525Z,0
6706701c98ac07710c36c248,6706701a98ac07710c36af4c,6706701a98ac07710c36b01e,Dens deprecator vorago toties vorago ratione peior. Solum rem corrumpo tum sursum delego civitas conservo utroque. Accendo dignissimos esse utilis carpo appono caelum circumvenio.,2024-10-09T04:27:55.847Z,0
6706701c98ac07710c36c249,6706701a98ac07710c36af16,6706701a98ac07710c36b0e9,Voro desolo aurum. Enim contigo sustineo cauda crapula. Corrigo cerno deporto distinctio curtus et.,2024-10-09T02:13:24.191Z,0
6706701c98ac07710c36c24a,6706701a98ac07710c36af76,6706701a98ac07710c36afdc,Delibero comburo auctor. Paens vel audentia torrens vir adaugeo adulatio triduana adsidue stipes. Triumphus acsi omnis verbera appello aetas.,2024-10-08T18:45:23.315Z,0
6706701c98ac07710c36c24b,6706701a98ac07710c36aed0,6706701a98ac07710c36b005,Constans cruentus defero claustrum usitas. Ars animus volo stipes abstergo surgo cupiditate adulescens. Nulla vigilo aetas infit.,2024-10-08T23:27:26.055Z,0
6706701c98ac07710c36c24c,6706701a98ac07710c36aec9,6706701a98ac07710c36b086,Asper et templum vigor. Thesaurus curia collum culpa adficio sordeo. Aurum depromo clamo substantia.,2024-10-09T05:04:09.946Z,0
6706701c98ac07710c36c24d,6706701a98ac07710c36af13,6706701a98ac07710c36b093,Absque in dolorem textus casso creber vinum. Defero desino velit. Solus adhaero qui tabella ara apparatus.,2024-10-08T13:35:04.920Z,0
6706701c98ac07710c36c24e,6706701a98ac07710c36af75,6706701a98ac07710c36b06d,Abscido canonicus voco vobis subiungo caelum stillicidium sustineo sub. Quisquam arbitro cura debeo absorbeo deficio trepide tenus calamitas. Aranea illum tribuo.,2024-10-09T04:51:22.883Z,0
6706701c98ac07710c36c24f,6706701a98ac07710c36af5e,6706701a98ac07710c36b0e5,Ademptio caelum vero eius quos cohibeo consectetur brevis. Inventore validus via aequitas sonitus suasoria utilis cena somniculosus victus. Vacuus timor angelus timidus.,2024-10-08T22:18:35.846Z,0
6706701c98ac07710c36c250,6706701a98ac07710c36aea9,6706701a98ac07710c36b0a1,Artificiose cattus vulnero cribro tam sollicito cibus. Hic cribro sto speculum vilicus. Soleo pax nesciunt perspiciatis animi reprehenderit.,2024-10-08T15:28:07.232Z,0
6706701c98ac07710c36c251,6706701a98ac07710c36af27,6706701a98ac07710c36b0a2,Antea spectaculum ascisco adaugeo. Theatrum carbo audio delicate delinquo amo absum appono laudantium cohors. Deripio voluptate stella.,2024-10-08T14:30:23.365Z,0
6706701c98ac07710c36c252,6706701a98ac07710c36aeb2,6706701a98ac07710c36b0b5,Cavus sit ut. Ait clibanus modi cogito solio adsidue tempore. Beneficium nobis quidem volva apostolus articulus.,2024-10-08T23:37:36.448Z,0
6706701c98ac07710c36c253,6706701a98ac07710c36af17,6706701a98ac07710c36b01d,Paens adipisci synagoga creator. Civitas sunt articulus arguo adhuc communis coruscus. Utique suggero templum occaecati laboriosam in acer terebro tergum.,2024-10-08T21:05:36.231Z,0
6706701c98ac07710c36c254,6706701a98ac07710c36af75,6706701a98ac07710c36b053,Cubo carus verbera cubitum. Accedo quo terreo. Adhuc apostolus cado alo alii vita calcar audax.,2024-10-09T11:29:04.844Z,0
6706701c98ac07710c36c255,6706701a98ac07710c36af7d,6706701a98ac07710c36b099,Aestas curo vigor ustilo coniecto hic cinis concido. Desipio nesciunt cedo theologus spoliatio conventus spero voluptate acidus. Clam peior articulus reiciendis praesentium causa sed.,2024-10-09T06:44:02.387Z,0
6706701c98ac07710c36c256,6706701a98ac07710c36af05,6706701a98ac07710c36b04b,Aliqua aeternus soleo ara thesaurus tum pauper cuppedia tres stipes. Urbs artificiose delinquo apto administratio trepide vulticulus. Architecto paens degero cur ambulo xiphias coaegresco umquam.,2024-10-08T13:50:24.355Z,0
6706701c98ac07710c36c257,6706701a98ac07710c36aed9,6706701a98ac07710c36b05c,Tamdiu minus convoco suspendo temeritas dens perspiciatis confugo arceo. Decimus tam sui. Aptus vicissitudo complectus adipiscor utique ustulo taedium.,2024-10-08T20:13:58.607Z,0
6706701c98ac07710c36c258,6706701a98ac07710c36aede,6706701a98ac07710c36b097,Laborum absorbeo undique conicio itaque. Vehemens omnis coniecto nihil stella conculco teneo defaeco demonstro. Dedecor advenio quod incidunt amaritudo libero veritas tibi usitas sollicito.,2024-10-08T15:50:53.368Z,0
6706701c98ac07710c36c259,6706701a98ac07710c36af29,6706701a98ac07710c36afd8,Cibo aspicio vestrum doloremque artificiose charisma derelinquo necessitatibus suspendo tergo. Cura tabesco ipsa. Turba textor vaco voluptatum aut trado reiciendis ater utique.,2024-10-09T01:52:45.983Z,0
6706701c98ac07710c36c25a,6706701a98ac07710c36af4c,6706701a98ac07710c36b04e,Dapifer cum arceo velum casso verbera spiculum tollo candidus. Conservo canto corrupti vulgivagus arto animi benevolentia. Theatrum altus aggredior bos conitor desparatus aestus.,2024-10-09T06:56:55.452Z,0
6706701c98ac07710c36c25b,6706701a98ac07710c36af2a,6706701a98ac07710c36b004,Temporibus terreo vitium ullus advoco delicate. Tergiversatio constans socius. Tego desolo theca tepidus uxor repellat cunabula turpis abutor tubineus.,2024-10-08T14:48:08.737Z,0
6706701c98ac07710c36c25c,6706701a98ac07710c36aebb,6706701a98ac07710c36b0ee,Thesis civis cupiditate tepesco abstergo trans barba apparatus clarus volubilis. Contigo amoveo certe tempus varietas vix. Pax termes atque pecto calculus audeo molestiae esse ea.,2024-10-08T19:45:11.446Z,0
6706701c98ac07710c36c25d,6706701a98ac07710c36af42,6706701a98ac07710c36b078,Itaque clibanus ambitus bis strenuus ventito angelus deludo derelinquo. Adipiscor voro bos utpote vester avaritia. Viridis taceo corroboro voluptatibus odit cursim socius.,2024-10-08T22:52:46.183Z,0
6706701c98ac07710c36c25e,6706701a98ac07710c36aec7,6706701a98ac07710c36b073,Quaerat cunctatio termes abstergo totus. Canis amet arto pectus quis conturbo apto. Atrocitas dolores aperte deficio desolo.,2024-10-09T00:22:17.252Z,0
6706701c98ac07710c36c25f,6706701a98ac07710c36af43,6706701a98ac07710c36afd9,Sollers volaticus creptio facilis ventosus. Vitae denuo amplexus illo laborum iusto ait advoco. Aeger quam viduo attonbitus sumptus universe.,2024-10-08T19:51:21.357Z,0
6706701c98ac07710c36c260,6706701a98ac07710c36afc5,6706701a98ac07710c36b0ed,Sunt varietas villa assentator amplitudo totidem surculus calco audeo. Carcer argumentum vere inventore abeo cupressus advenio. Crustulum temporibus virtus iure aperiam.,2024-10-09T00:53:44.392Z,0
6706701c98ac07710c36c261,6706701a98ac07710c36af75,6706701a98ac07710c36b07f,Bellicus thymum vigilo video defaeco votum suadeo. Arguo consuasor vacuus velit culpo terreo agnitio patior ab. Deficio culpa caput concedo voluptatibus alioqui uterque ceno cui.,2024-10-09T04:47:23.183Z,0
6706701c98ac07710c36c262,6706701a98ac07710c36af36,6706701a98ac07710c36aff5,Crastinus tamdiu thesaurus decet demo vorago coniecto depopulo vallum quos. Velum contra libero demo utpote careo accedo deleo astrum. Virtus tardus considero avaritia cresco.,2024-10-09T00:55:01.142Z,0
6706701c98ac07710c36c263,6706701a98ac07710c36af81,6706701a98ac07710c36b053,Tendo dolore vetus adicio cognomen. Alioqui coniuratio desolo vesper cito tardus. Convoco aequitas tabula conculco angulus benevolentia.,2024-10-08T22:44:55.861Z,0
6706701c98ac07710c36c264,6706701a98ac07710c36aed9,6706701a98ac07710c36afe7,Aperiam sed despecto toties torrens suspendo cibo candidus. Desipio depromo corrumpo. Crinis viridis alioqui culpa eius harum ullam.,2024-10-09T01:19:21.789Z,0
6706701c98ac07710c36c265,6706701a98ac07710c36aeb2,6706701a98ac07710c36b0f1,Colligo conturbo unde comburo versus barba cena atavus cauda. Tenus articulus cunae angustus suus dignissimos. Bonus turpis adeptio cruentus dolorum terminatio.,2024-10-08T14:46:39.732Z,0
6706701c98ac07710c36c266,6706701a98ac07710c36af02,6706701a98ac07710c36aff3,Desidero credo censura defungo spiritus inventore defetiscor tepesco volo. Comptus decor soleo ulterius ago utrimque cras acceptus conitor reiciendis. Depromo ducimus caries corroboro.,2024-10-09T06:03:44.568Z,0
6706701c98ac07710c36c267,6706701a98ac07710c36af1a,6706701a98ac07710c36b0b8,Alias thema vicissitudo clarus delinquo coaegresco caterva atrocitas. Tabgo sortitus tum votum. Astrum calcar quo surgo.,2024-10-08T20:00:20.775Z,0
6706701c98ac07710c36c268,6706701a98ac07710c36af0d,6706701a98ac07710c36b0d9,Cimentarius ad tubineus quisquam atrocitas apparatus voluptates sophismata totam. Ars vado desolo natus aperio tonsor demo atqui. Vulgo spoliatio spectaculum valeo delego.,2024-10-08T14:11:58.572Z,0
6706701c98ac07710c36c269,6706701a98ac07710c36af96,6706701a98ac07710c36b05e,Absorbeo velit aveho perspiciatis neque annus eaque adipiscor spes curso. Degenero decimus adhuc caries saepe tredecim demo talus velum molestiae. Acidus summa timor acerbitas.,2024-10-08T21:56:23.088Z,0
6706701c98ac07710c36c26a,6706701a98ac07710c36af51,6706701a98ac07710c36b0ba,Tabula cedo talis tergiversatio. Solus excepturi antepono sono. Statim debilito adversus tollo demum supplanto tabula amicitia urbs.,2024-10-08T15:54:31.080Z,0
6706701c98ac07710c36c26b,6706701a98ac07710c36aebf,6706701a98ac07710c36b0a7,Tui provident cena deprimo textor clarus ager. Subvenio voro taceo cura accedo arbitro clibanus iste sublime in. Acervus tremo arcesso angelus esse accusamus blanditiis animus approbo talio.,2024-10-09T02:13:08.584Z,0
6706701c98ac07710c36c26c,6706701a98ac07710c36af51,6706701a98ac07710c36b076,Alioqui aequus aurum asper voluptatibus fuga surculus solitudo quam solium. Aureus collum umquam cumque cohaero. Comminor clementia tonsor considero virtus tardus commodo.,2024-10-08T16:53:55.479Z,0
6706701c98ac07710c36c26d,6706701a98ac07710c36af4d,6706701a98ac07710c36b034,Aufero nisi cornu confero. Benigne pecus appello. Ara exercitationem adicio.,2024-10-08T15:57:09.483Z,0
6706701c98ac07710c36c26e,6706701a98ac07710c36afcb,6706701a98ac07710c36aff9,Cinis causa vaco alveus conduco cavus damnatio. Sit perspiciatis utrum animus adipisci desparatus triduana. Thema cometes congregatio quod curo tot astrum baiulus ciminatio arbustum.,2024-10-08T19:46:31.320Z,0
6706701c98ac07710c36c26f,6706701a98ac07710c36af55,6706701a98ac07710c36b04c,Aro porro conventus alias demergo defluo amicitia vulariter. Acies annus cogo capitulus subseco suadeo tribuo valeo. Compono deleo terminatio aliquam comis spiritus atavus bestia.,2024-10-08T13:51:21.046Z,0
6706701c98ac07710c36c270,6706701a98ac07710c36af2a,6706701a98ac07710c36b068,Argumentum natus centum. Adflicto cavus velit commodo cur verumtamen voluptatum. Vere supplanto certus illo virgo ex amplus quae villa combibo.,2024-10-09T11:34:56.651Z,0
6706701c98ac07710c36c271,6706701a98ac07710c36afaa,6706701a98ac07710c36b034,Antiquus ipsam claudeo villa adfero corpus arx asper laboriosam eos. Admiratio fugit appello explicabo dens perferendis caritas cilicium. Aut demonstro venia patrocinor autem ipsum consequatur aliquam talis candidus.,2024-10-09T08:13:00.383Z,0
6706701c98ac07710c36c272,6706701a98ac07710c36af45,6706701a98ac07710c36b0ce,Aggero theca aro sumo advenio abstergo vulgaris versus. Suggero adaugeo adnuo veritatis brevis beneficium acervus demergo. Bellum sumptus brevis coerceo sum tondeo accusator thymum solvo consuasor.,2024-10-08T19:32:56.622Z,0
6706701c98ac07710c36c273,6706701a98ac07710c36af36,6706701a98ac07710c36afff,Beatus coruscus defleo sulum carmen. Tamen canis enim. Velut aranea tyrannus aedificium sordeo tibi autus abstergo amoveo.,2024-10-09T04:05:17.547Z,0
6706701c98ac07710c36c274,6706701a98ac07710c36aec6,6706701a98ac07710c36b0cb,Tolero demergo video derelinquo atrocitas triduana voluntarius enim spargo benigne. Aliqua cogo claudeo ut civis cursim clarus reprehenderit cognomen terror. Iure arcesso dapifer amplus solutio.,2024-10-09T08:08:52.911Z,0
6706701c98ac07710c36c275,6706701a98ac07710c36aedf,6706701a98ac07710c36b05b,Suscipio articulus caecus voveo arto vobis. Cena est colligo varius reiciendis cupressus. Comburo illo censura approbo.,2024-10-09T00:44:05.390Z,0
6706701c98ac07710c36c276,6706701a98ac07710c36aec3,6706701a98ac07710c36b0c5,Dignissimos cumque cito strues articulus. Creta quisquam ullus aureus. Vilitas architecto aspernatur carcer volutabrum demens quos cuius.,2024-10-08T22:28:23.175Z,0
6706701c98ac07710c36c277,6706701a98ac07710c36af1c,6706701a98ac07710c36b0b2,Dicta curriculum deputo aestus nemo unde tepidus amita. Celo stella ut temperantia aegrus temptatio urbs tonsor numquam pecto. Sunt cultellus argentum amplus utroque in praesentium ipsum.,2024-10-08T22:49:42.634Z,0
6706701c98ac07710c36c278,6706701a98ac07710c36af51,6706701a98ac07710c36b063,Auctus textilis repellendus possimus calculus. Cognatus tremo carus tutis cogito amicitia eius clamo tum bene. Valde carbo deludo venia natus doloremque curtus trans vulticulus angustus.,2024-10-09T08:14:41.793Z,0
6706701c98ac07710c36c279,6706701a98ac07710c36af22,6706701a98ac07710c36afda,Stella eius attollo. Necessitatibus uter coaegresco chirographum color. Arto sequi tenus uterque statua tendo agnosco tripudio.,2024-10-09T04:00:25.999Z,0
6706701c98ac07710c36c27a,6706701a98ac07710c36af9a,6706701a98ac07710c36b0ca,Sum temporibus occaecati auctor tero. Taceo ullus utroque vomito caterva. Vitae advoco surculus nobis verbum ter inventore mollitia.,2024-10-08T15:46:40.217Z,0
6706701c98ac07710c36c27b,6706701a98ac07710c36aebf,6706701a98ac07710c36b0a3,Asperiores spoliatio perspiciatis veniam speculum. Delinquo arcus suffragium attonbitus illum beatae. Uberrime adduco perferendis hic comis suppellex abscido ea.,2024-10-08T16:20:49.360Z,0
6706701c98ac07710c36c27c,6706701a98ac07710c36afcc,6706701a98ac07710c36b022,Desidero bibo ascit creta delego suasoria adulescens cum. Adulescens coepi delinquo coadunatio tendo. Vaco cur argentum calco armarium.,2024-10-09T09:59:40.907Z,0
6706701c98ac07710c36c27d,6706701a98ac07710c36af8f,6706701a98ac07710c36b038,Accusator comprehendo convoco stipes aveho nesciunt patria sub. Cupiditate caveo alius somnus ago confido turba blandior vulpes amissio. Carpo ulciscor laborum subiungo utilis auctus audax alius claustrum.,2024-10-09T00:39:23.043Z,0
6706701c98ac07710c36c27e,6706701a98ac07710c36aeab,6706701a98ac07710c36b06c,Certe excepturi creator. Provident ocer suffragium communis. Cena avaritia vulgus tumultus.,2024-10-08T18:55:51.075Z,0
6706701c98ac07710c36c27f,6706701a98ac07710c36aee2,6706701a98ac07710c36b0d6,Taceo inflammatio quisquam. Audeo cibus voveo aperiam certe. Clamo tolero vulnus cohors molestiae.,2024-10-08T16:28:46.800Z,0
6706701c98ac07710c36c280,6706701a98ac07710c36aee6,6706701a98ac07710c36b04b,Tergeo decumbo capto sub succurro ceno. Bonus voro texo pariatur. Cohaero sto fugit sperno beneficium cerno ustilo circumvenio.,2024-10-08T19:18:21.016Z,0
6706701c98ac07710c36c281,6706701a98ac07710c36af9d,6706701a98ac07710c36b0ab,Theatrum causa minus numquam adulatio claro fuga defetiscor triduana. Crux tam somniculosus. Adfero cupio cibus fugit.,2024-10-09T07:16:56.606Z,0
6706701c98ac07710c36c282,6706701a98ac07710c36afc2,6706701a98ac07710c36b0d5,Beatae considero vinum. Dedecor denique causa astrum tristis admoveo supplanto decretum. Perspiciatis quas deficio enim molestiae quidem amor sol.,2024-10-09T00:01:21.979Z,0
6706701c98ac07710c36c283,6706701a98ac07710c36aee9,6706701a98ac07710c36aff4,Beneficium labore vulgivagus videlicet. Voro deficio vallum vinitor assentator admoveo adulescens. Perspiciatis cruentus vere error.,2024-10-08T19:12:00.734Z,0
6706701c98ac07710c36c284,6706701a98ac07710c36af3d,6706701a98ac07710c36b03f,Ullus quam vulnero earum tergo adduco. Crepusculum subvenio bonus conitor earum ante admitto celebrer claudeo theatrum. Apostolus cura quo vicinus coadunatio agnosco decipio truculenter comitatus.,2024-10-08T13:54:27.820Z,0
6706701c98ac07710c36c285,6706701a98ac07710c36af46,6706701a98ac07710c36b05b,Infit solutio adstringo sint tot culpo thorax ipsa. Clam bos asperiores minus labore autus adfero. Id aureus vestigium cedo at.,2024-10-08T16:07:54.415Z,0
6706701c98ac07710c36c286,6706701a98ac07710c36aecf,6706701a98ac07710c36b025,Demitto cupio quis utor ciminatio. Pecus ventus coepi confero substantia cattus decerno vulariter facilis. Via teneo minus crur.,2024-10-09T00:56:57.264Z,0
6706701c98ac07710c36c287,6706701a98ac07710c36aeeb,6706701a98ac07710c36b0ab,Tutamen est vitium tabesco concido sto trans impedit. Corporis cursus quam careo commemoro totam cariosus. Thymbra rem utroque modi casus theologus aeternus illum enim crepusculum.,2024-10-08T17:35:39.595Z,0
6706701c98ac07710c36c288,6706701a98ac07710c36af49,6706701a98ac07710c36b012,Caste agnitio pecco totus. Sonitus vir maiores solvo. Vereor ciminatio comes inflammatio.,2024-10-09T08:59:23.552Z,0
6706701c98ac07710c36c289,6706701a98ac07710c36afb5,6706701a98ac07710c36b004,Nihil consectetur suus ab ea demonstro adduco. Repellat sapiente terminatio talio stabilis cogo ocer denuncio. Cruciamentum abutor ater vulgivagus corrupti testimonium suppono tenax thesaurus cum.,2024-10-08T21:48:53.856Z,0
6706701c98ac07710c36c28a,6706701a98ac07710c36af61,6706701a98ac07710c36b05e,Vero iste vehemens illo vereor terreo subvenio cohibeo. Sordeo volubilis vulariter reprehenderit suffoco nemo. Illum ars pecco abutor vesco clementia acerbitas teneo.,2024-10-09T11:57:51.979Z,0
6706701c98ac07710c36c28b,6706701a98ac07710c36af7c,6706701a98ac07710c36b029,Solitudo strenuus veritas aegre aer coadunatio adamo. Numquam bestia agnitio amet absorbeo angustus temporibus tonsor aestas campana. Vociferor vestigium cupiditas virga acies thalassinus.,2024-10-08T20:35:31.135Z,0
6706701c98ac07710c36c28c,6706701a98ac07710c36afbd,6706701a98ac07710c36b072,Nostrum venustas canonicus thermae caritas adinventitias ustilo. Enim est sint odio deinde desidero. Debitis amo avarus terminatio cresco denuncio alveus perferendis.,2024-10-09T04:21:25.955Z,0
6706701c98ac07710c36c28d,6706701a98ac07710c36aec6,6706701a98ac07710c36b04d,Voluptatem textor similique placeat. Non attero ullam thermae vulnus denego acsi supra. Tracto censura dolor viscus derelinquo suppono carcer utpote vester stipes.,2024-10-09T02:35:40.523Z,0
6706701c98ac07710c36c28e,6706701a98ac07710c36afc7,6706701a98ac07710c36b03e,Volaticus abeo molestiae. Accusantium veniam ullam speculum crur auctus argumentum. Voluptas dignissimos cauda combibo.,2024-10-09T00:13:27.949Z,0
6706701c98ac07710c36c28f,6706701a98ac07710c36af73,6706701a98ac07710c36afea,Dapifer strues dolorum cumque vilitas ait calcar temeritas arbitro verecundia. At timor abutor decet aeternus triduana victus arbor conitor. Talus avaritia ago censura constans aestus.,2024-10-08T23:51:08.281Z,0
6706701c98ac07710c36c290,6706701a98ac07710c36af3e,6706701a98ac07710c36afe4,Sophismata suadeo animi pecto. Facilis sto summa vaco sortitus. Demonstro temperantia terminatio coerceo vereor cena amplexus delectus impedit viridis.,2024-10-08T21:12:01.544Z,0
6706701c98ac07710c36c291,6706701a98ac07710c36af7d,6706701a98ac07710c36b05b,Perferendis adhaero tenuis dolor ubi qui laboriosam speciosus depulso theologus. Pel cunctatio nemo. Subvenio acies solio aliqua voluptatibus caelum decretum tenuis.,2024-10-08T13:49:09.883Z,0
6706701c98ac07710c36c292,6706701a98ac07710c36af11,6706701a98ac07710c36b05a,Sint tamisium cras amplexus tabesco fugit auxilium magni. Talus amissio exercitationem contego tepidus. Quos adficio crepusculum vulariter cinis fugiat.,2024-10-08T19:48:03.606Z,0
6706701c98ac07710c36c293,6706701a98ac07710c36af50,6706701a98ac07710c36b0f4,Curiositas acervus viscus ipsa crastinus. Subiungo carpo praesentium sumptus. Credo sumo conculco torqueo terror suscipio adsum cena aspicio.,2024-10-08T21:15:16.458Z,0
6706701c98ac07710c36c294,6706701a98ac07710c36af4d,6706701a98ac07710c36aff1,Decipio acquiro terror pectus cui aranea. Asperiores conturbo cuius tamen correptius. Caelestis vester vinculum.,2024-10-09T05:31:52.736Z,0
6706701c98ac07710c36c295,6706701a98ac07710c36af72,6706701a98ac07710c36aff5,Adimpleo suffoco terra velociter claustrum vulticulus degero arbustum tersus coma. Cum terra amiculum caput colo turpis caelum. Tergum stips varius bos copia.,2024-10-08T14:08:24.684Z,0
6706712b2ce0cd253f1fa59b,670670c52ce0cd253f1fa4d1,6706701a98ac07710c36aff8,this is my thought about this,2024-10-09T12:03:55.029Z,0
6706713e2ce0cd253f1fa5a3,670670c52ce0cd253f1fa4d1,6706701a98ac07710c36aff8,can anyone answer this?,2024-10-09T12:04:14.408Z,0
