quizId,title,learningMaterialId,quizKey
6706701a98ac07710c36b227,Triduana exercitationem quia.,6706701a98ac07710c36b0de,1
6706701a98ac07710c36b228,Vero victoria absorbeo confido clibanus vero trado baiulus animus.,6706701a98ac07710c36b0b7,2
6706701a98ac07710c36b229,Subseco confugo assumenda audax uxor tam cauda voluptatibus caterva.,6706701a98ac07710c36b063,3
6706701a98ac07710c36b22a,Cumque repellendus comparo currus caute addo depono adopto.,6706701a98ac07710c36b020,4
6706701a98ac07710c36b22b,Defetiscor comedo decor adsidue decumbo supra vitae decipio vespillo.,6706701a98ac07710c36b076,5
6706701a98ac07710c36b22c,Aveho cruentus ara.,6706701a98ac07710c36b024,6
6706701a98ac07710c36b22d,Territo suffragium tres amiculum patria.,6706701a98ac07710c36b035,7
6706701a98ac07710c36b22e,Auctus deleo creator accusantium solium charisma rerum volutabrum sit aureus.,6706701a98ac07710c36b0c3,8
6706701a98ac07710c36b22f,Aveho texo crudelis optio vesica earum subito quos cupiditate theologus.,6706701a98ac07710c36b032,9
6706701a98ac07710c36b230,Damno arbitro verbera explicabo.,6706701a98ac07710c36b0a8,10
6706701a98ac07710c36b231,Aptus subito vigilo praesentium aeternus vir.,6706701a98ac07710c36afeb,11
6706701a98ac07710c36b232,Vere corporis caute thesaurus suggero cibo verecundia dedico amor architecto.,6706701a98ac07710c36b0dd,12
6706701a98ac07710c36b233,Curtus tantillus spero adamo umquam vicissitudo calco adulatio.,6706701a98ac07710c36afe4,13
6706701a98ac07710c36b234,Contra triduana cometes doloribus tremo.,6706701a98ac07710c36b0a6,14
6706701a98ac07710c36b235,Demulceo iste vinitor inflammatio officiis astrum annus sollicito.,6706701a98ac07710c36b053,15
6706701a98ac07710c36b236,Ocer currus currus vitae brevis ipsam facilis thesaurus itaque venia.,6706701a98ac07710c36b0f0,16
6706701a98ac07710c36b237,Cuppedia culpa contego.,6706701a98ac07710c36b063,17
6706701a98ac07710c36b238,Catena adsidue amaritudo certus adeo constans sordeo animi vergo ulterius.,6706701a98ac07710c36b03e,18
6706701a98ac07710c36b239,Candidus pax audax veritas amo abduco hic optio.,6706701a98ac07710c36b025,19
6706701a98ac07710c36b23a,Summa vindico debitis deficio causa teneo adipisci similique.,6706701a98ac07710c36b01c,20
6706701a98ac07710c36b23b,Corroboro cunae amicitia valde.,6706701a98ac07710c36b094,21
6706701a98ac07710c36b23c,Eius stabilis absens cariosus repellendus coaegresco demum arbitro deinde.,6706701a98ac07710c36b03c,22
6706701a98ac07710c36b23d,Theatrum voco argentum trado adeptio articulus canis.,6706701a98ac07710c36b0ec,23
6706701a98ac07710c36b23e,Arto appositus surgo carpo at.,6706701a98ac07710c36afe2,24
6706701a98ac07710c36b23f,Patruus crux iste trans spiculum tempus subito tepidus.,6706701a98ac07710c36b0d0,25
6706701a98ac07710c36b240,Adficio nihil carpo crux accendo tenuis cedo aqua strues.,6706701a98ac07710c36afe6,26
6706701a98ac07710c36b241,Sunt calamitas nemo dolorem vulnero corona tendo tam quo.,6706701a98ac07710c36b014,27
6706701a98ac07710c36b242,Utor curo repellendus adnuo demulceo tumultus delinquo suasoria infit.,6706701a98ac07710c36b04f,28
6706701a98ac07710c36b243,Architecto adhuc apud vero nisi bene derelinquo.,6706701a98ac07710c36b05b,29
6706701a98ac07710c36b244,Eveniet patruus admitto.,6706701a98ac07710c36b085,30
6706701a98ac07710c36b245,Nobis voco validus curis conturbo terreo debilito debitis facere.,6706701a98ac07710c36b040,31
6706701a98ac07710c36b246,Comminor non thorax.,6706701a98ac07710c36b0b4,32
6706701a98ac07710c36b247,Conservo arca adeptio enim quo thermae acceptus.,6706701a98ac07710c36b02f,33
6706701a98ac07710c36b248,Cauda deleo constans vulnero expedita terga theca apud contego truculenter.,6706701a98ac07710c36b079,34
6706701a98ac07710c36b249,Curvo tristis suscipio summopere trans ullam defleo crapula amita occaecati.,6706701a98ac07710c36b091,35
6706701a98ac07710c36b24a,Arto asperiores dedico beatus bonus tamisium accusator cohors.,6706701a98ac07710c36b048,36
6706701a98ac07710c36b24b,Accusantium bellum vicissitudo.,6706701a98ac07710c36afee,37
6706701a98ac07710c36b24c,Uredo caput officia ceno annus spiculum cuppedia quia sto.,6706701a98ac07710c36b045,38
6706701a98ac07710c36b24d,Amplexus aeger universe quae pariatur deludo solitudo antiquus demo.,6706701a98ac07710c36b0d2,39
6706701a98ac07710c36b24e,Libero conscendo turbo aequitas crur delectus.,6706701a98ac07710c36b0d3,40
6706701a98ac07710c36b24f,Quidem copia expedita.,6706701a98ac07710c36afd5,41
6706701a98ac07710c36b250,Stabilis approbo aequus appositus voluptatum consequatur.,6706701a98ac07710c36afef,42
6706701a98ac07710c36b251,Nemo contigo porro saepe supplanto victus demulceo concido caterva asper.,6706701a98ac07710c36b08a,43
6706701a98ac07710c36b252,Suspendo ascisco conitor via.,6706701a98ac07710c36b02f,44
6706701a98ac07710c36b253,Crapula unus cenaculum commodo defluo.,6706701a98ac07710c36b0a6,45
6706701a98ac07710c36b254,Tepidus adamo tubineus decipio astrum bene verbum despecto ascisco.,6706701a98ac07710c36b0f4,46
6706701a98ac07710c36b255,Cilicium cervus ciminatio auctus succurro tertius vis alveus.,6706701a98ac07710c36b084,47
6706701a98ac07710c36b256,Similique verbera adipisci vilis modi tollo delectus commodi.,6706701a98ac07710c36b06c,48
6706701a98ac07710c36b257,Demergo surgo tepidus.,6706701a98ac07710c36b0d0,49
6706701a98ac07710c36b258,Defluo tergiversatio demens trado desparatus.,6706701a98ac07710c36b0d3,50
6706701a98ac07710c36b259,Tenuis certus vitae ustilo carmen.,6706701a98ac07710c36b0c9,51
6706701a98ac07710c36b25a,Textor subito reprehenderit video super iste attollo.,6706701a98ac07710c36b0b5,52
6706701a98ac07710c36b25b,Aro dolorem quo condico balbus talus vinitor denuncio ambulo.,6706701a98ac07710c36afe5,53
6706701a98ac07710c36b25c,Amplitudo aranea ea.,6706701a98ac07710c36afd9,54
6706701a98ac07710c36b25d,Vita provident traho tot repellendus aqua adamo damno deporto.,6706701a98ac07710c36b089,55
6706701a98ac07710c36b25e,Expedita ad decretum uxor unde tergum quidem ver aspernatur deludo.,6706701a98ac07710c36b090,56
6706701a98ac07710c36b25f,Arca neque vinitor argentum dolores.,6706701a98ac07710c36b001,57
6706701a98ac07710c36b260,Dedico congregatio adipisci defleo.,6706701a98ac07710c36b0f6,58
6706701a98ac07710c36b261,Virgo vix versus.,6706701a98ac07710c36b088,59
6706701a98ac07710c36b262,Bos derelinquo vulgaris temeritas talus sollicito tergum vestrum solus.,6706701a98ac07710c36b05f,60
6706701a98ac07710c36b263,Cenaculum audax desidero allatus vinculum canonicus illo tactus.,6706701a98ac07710c36b0a8,61
6706701a98ac07710c36b264,Curtus umerus incidunt facere.,6706701a98ac07710c36b0cf,62
6706701a98ac07710c36b265,Virtus adsuesco atrox tres consequatur.,6706701a98ac07710c36b01c,63
6706701a98ac07710c36b266,Velociter carbo deprimo umquam copiose vallum crudelis demo venustas summopere.,6706701a98ac07710c36b0c4,64
6706701a98ac07710c36b267,Comis umerus illo.,6706701a98ac07710c36b0dd,65
6706701a98ac07710c36b268,Maiores urbanus defendo taedium alveus victus doloremque cogo coerceo.,6706701a98ac07710c36b06f,66
6706701a98ac07710c36b269,Acies cognomen spero cultura vinco.,6706701a98ac07710c36aff2,67
6706701a98ac07710c36b26a,Quas consequatur ambitus amitto odit acidus.,6706701a98ac07710c36b055,68
6706701a98ac07710c36b26b,Apto curriculum territo.,6706701a98ac07710c36b07e,69
6706701a98ac07710c36b26c,Corroboro torrens animadverto aqua cunae impedit canis clamo terra astrum.,6706701a98ac07710c36afd3,70
6706701a98ac07710c36b26d,Vobis sint amet undique consequatur patria cultura defero statua capto.,6706701a98ac07710c36b095,71
6706701a98ac07710c36b26e,Alter umquam cui tego.,6706701a98ac07710c36b071,72
6706701a98ac07710c36b26f,Statua crustulum desipio utilis adulescens ancilla creo numquam tenetur coerceo.,6706701a98ac07710c36b0c2,73
6706701a98ac07710c36b270,Ab aliquam depulso deludo.,6706701a98ac07710c36b0e7,74
6706701a98ac07710c36b271,Vinitor vulpes deduco utique demonstro comedo tandem.,6706701a98ac07710c36affd,75
6706701a98ac07710c36b272,Acquiro deprimo itaque quae.,6706701a98ac07710c36b032,76
6706701a98ac07710c36b273,Verus culpo votum trucido patria.,6706701a98ac07710c36b0b7,77
6706701a98ac07710c36b274,Corona deleo pectus cultellus sortitus vobis quae.,6706701a98ac07710c36afd7,78
6706701a98ac07710c36b275,Beatus cetera crustulum tolero.,6706701a98ac07710c36b09c,79
6706701a98ac07710c36b276,Tempora aureus quae communis absconditus.,6706701a98ac07710c36b020,80
6706701a98ac07710c36b277,Tyrannus crepusculum viriliter vomer fugiat casus molestias nihil deduco urbs.,6706701a98ac07710c36b07d,81
6706701a98ac07710c36b278,Coniecto tamquam aequus calculus vulticulus animadverto veritatis perferendis.,6706701a98ac07710c36b0d5,82
6706701a98ac07710c36b279,Celo hic quisquam.,6706701a98ac07710c36b0f9,83
6706701a98ac07710c36b27a,Depraedor strenuus corporis repellat illum utrimque tamen sponte.,6706701a98ac07710c36b0cd,84
6706701a98ac07710c36b27b,Delectatio crustulum adinventitias natus adduco aedificium casso deripio bos.,6706701a98ac07710c36b0e3,85
6706701a98ac07710c36b27c,Spes dolore solum tametsi abscido.,6706701a98ac07710c36b012,86
6706701a98ac07710c36b27d,Absconditus sollicito eaque vae solum animadverto ambitus vivo.,6706701a98ac07710c36b0cf,87
6706701a98ac07710c36b27e,Auxilium amitto fugit voluptatum nihil casso brevis sit.,6706701a98ac07710c36b0b7,88
6706701a98ac07710c36b27f,Complectus amitto aureus caelestis cogo defluo auxilium tenetur terreo quae.,6706701a98ac07710c36b02d,89
6706701a98ac07710c36b280,Audax patior harum ubi angelus cito cubicularis.,6706701a98ac07710c36b0bb,90
6706701a98ac07710c36b281,Voluptatum recusandae sumptus solvo thermae tener cornu callide.,6706701a98ac07710c36affb,91
6706701a98ac07710c36b282,Decretum acidus turba ustulo angulus aequus adstringo tepidus tam.,6706701a98ac07710c36b003,92
6706701a98ac07710c36b283,Esse vespillo adipisci iste voco alias defleo corpus.,6706701a98ac07710c36b059,93
6706701a98ac07710c36b284,Temporibus veniam fuga casso statua sopor illo.,6706701a98ac07710c36b05b,94
6706701a98ac07710c36b285,Cohors distinctio desino apostolus demo qui annus.,6706701a98ac07710c36b0a8,95
6706701a98ac07710c36b286,Cultura consuasor aestus solus careo celer.,6706701a98ac07710c36afee,96
6706701a98ac07710c36b287,Verto ter nulla tabula deserunt.,6706701a98ac07710c36b0a9,97
6706701a98ac07710c36b288,Campana caput sollers spoliatio vorax deputo eius cetera varius.,6706701a98ac07710c36b01d,98
6706701a98ac07710c36b289,Adsum alter vulgivagus.,6706701a98ac07710c36b06e,99
6706701a98ac07710c36b28a,Videlicet voluptate umquam vester acquiro varietas clibanus fugiat defendo amplus.,6706701a98ac07710c36b058,100
6706701a98ac07710c36b28b,Talio suadeo adipiscor doloremque aegrus arx carcer ambitus amplexus.,6706701a98ac07710c36b0e8,101
6706701a98ac07710c36b28c,Umbra ipsa amitto capillus audio desparatus voluptatibus ipsa contego super.,6706701a98ac07710c36b01b,102
6706701a98ac07710c36b28d,Ubi urbs quam basium patrocinor cognomen temeritas.,6706701a98ac07710c36b09c,103
6706701a98ac07710c36b28e,Uter cunae ultra degenero argumentum blandior.,6706701a98ac07710c36afe8,104
6706701a98ac07710c36b28f,Asporto aegrotatio tonsor cinis tutamen solutio exercitationem textor carus delectus.,6706701a98ac07710c36afed,105
6706701a98ac07710c36b290,Crur vereor titulus.,6706701a98ac07710c36b087,106
6706701a98ac07710c36b291,Textilis adsuesco vicinus vobis eos.,6706701a98ac07710c36aff0,107
6706701a98ac07710c36b292,Ascit dolor caute.,6706701a98ac07710c36b01f,108
6706701a98ac07710c36b293,Decretum somnus versus velum consequatur decor theologus.,6706701a98ac07710c36b09b,109
6706701a98ac07710c36b294,Coadunatio vomer sit varius aurum amita.,6706701a98ac07710c36b0ce,110
6706701a98ac07710c36b295,Distinctio cruentus sodalitas succurro claudeo subiungo sufficio.,6706701a98ac07710c36b0e5,111
6706701a98ac07710c36b296,Quos denuncio claro.,6706701a98ac07710c36b072,112
6706701a98ac07710c36b297,Quibusdam aegrotatio adflicto quidem libero verumtamen arcus atqui.,6706701a98ac07710c36b0bb,113
6706701a98ac07710c36b298,Somnus villa tersus statua abstergo deripio vigor tero.,6706701a98ac07710c36b04b,114
6706701a98ac07710c36b299,Color uberrime via vesica acerbitas voco adicio decor cicuta.,6706701a98ac07710c36b068,115
6706701a98ac07710c36b29a,Vomer conor conicio tricesimus valeo accedo libero talis acidus.,6706701a98ac07710c36b05d,116
6706701a98ac07710c36b29b,Adnuo patior trado paulatim.,6706701a98ac07710c36b0c3,117
6706701a98ac07710c36b29c,Vesica artificiose arceo bestia.,6706701a98ac07710c36b06c,118
6706701a98ac07710c36b29d,Crinis temperantia cavus vos veritatis campana amo coepi.,6706701a98ac07710c36b0aa,119
6706701a98ac07710c36b29e,Torqueo acquiro acervus defungo nobis contra veritatis.,6706701a98ac07710c36b0d4,120
6706701a98ac07710c36b29f,Velut suscipit sortitus.,6706701a98ac07710c36b0d5,121
6706701a98ac07710c36b2a0,Charisma praesentium crustulum ambitus valeo tutamen.,6706701a98ac07710c36aff5,122
6706701a98ac07710c36b2a1,Creptio triduana demonstro versus speciosus conqueror artificiose.,6706701a98ac07710c36b002,123
6706701a98ac07710c36b2a2,Via sublime quo clementia aperio nesciunt vulnus crastinus timidus cubo.,6706701a98ac07710c36b08e,124
6706701a98ac07710c36b2a3,Contra vitiosus carbo verumtamen torqueo deficio.,6706701a98ac07710c36b073,125
6706701a98ac07710c36b2a4,Statua aspernatur vero dolore antepono torrens urbs.,6706701a98ac07710c36b09e,126
6706701a98ac07710c36b2a5,Ab cuppedia eligendi caveo constans studio coniuratio caute adicio.,6706701a98ac07710c36b082,127
6706701a98ac07710c36b2a6,Asper annus caput alioqui.,6706701a98ac07710c36b0c3,128
6706701a98ac07710c36b2a7,Corpus voluptas appositus.,6706701a98ac07710c36b0e0,129
6706701a98ac07710c36b2a8,Tametsi cognomen benevolentia vereor vir corroboro.,6706701a98ac07710c36b073,130
6706701a98ac07710c36b2a9,Talus cohors nam somnus.,6706701a98ac07710c36b041,131
6706701a98ac07710c36b2aa,Creber vestigium unde solum tempora.,6706701a98ac07710c36b0d1,132
6706701a98ac07710c36b2ab,Depraedor dolor absorbeo amor desidero agnosco statim terror amissio cauda.,6706701a98ac07710c36afed,133
6706701a98ac07710c36b2ac,Admoneo libero tenax demergo correptius contabesco coerceo.,6706701a98ac07710c36b08b,134
6706701a98ac07710c36b2ad,Amplus textus barba vae curo vinum spectaculum volup vespillo.,6706701a98ac07710c36b086,135
6706701a98ac07710c36b2ae,Calamitas depromo cubicularis una velut contabesco conculco ocer.,6706701a98ac07710c36b03a,136
6706701a98ac07710c36b2af,Defero animi viscus tempore admoveo terebro tibi ascit.,6706701a98ac07710c36b049,137
6706701a98ac07710c36b2b0,Eum thymum calculus.,6706701a98ac07710c36affb,138
6706701a98ac07710c36b2b1,Vorago altus infit thermae apparatus veritas.,6706701a98ac07710c36b0bb,139
6706701a98ac07710c36b2b2,Adsum corroboro decimus ara vulariter vero unde patior.,6706701a98ac07710c36b0e8,140
6706701a98ac07710c36b2b3,Aedificium thesaurus vigor talio validus adsidue tardus conservo bellum.,6706701a98ac07710c36b0cf,141
6706701a98ac07710c36b2b4,Via tergeo angelus tabella voro officiis cuius valens.,6706701a98ac07710c36b0ba,142
6706701a98ac07710c36b2b5,Amissio cerno vehemens abeo ultra.,6706701a98ac07710c36b02a,143
6706701a98ac07710c36b2b6,Cilicium clarus creber.,6706701a98ac07710c36b0dd,144
6706701a98ac07710c36b2b7,Via validus stabilis utique contego texo vos.,6706701a98ac07710c36b061,145
6706701a98ac07710c36b2b8,Cognomen acerbitas ater creta acies claro tactus utilis creta.,6706701a98ac07710c36b06c,146
6706701a98ac07710c36b2b9,Talis titulus carcer peccatus coruscus.,6706701a98ac07710c36afd2,147
6706701a98ac07710c36b2ba,Cotidie vomer degusto tener adfectus congregatio alo.,6706701a98ac07710c36b011,148
6706701a98ac07710c36b2bb,Delego nulla coepi demulceo vomica dolorum clamo tertius.,6706701a98ac07710c36b006,149
6706701a98ac07710c36b2bc,Tabernus deripio defessus pariatur bonus.,6706701a98ac07710c36b052,150
6706701a98ac07710c36b2bd,Cruentus depopulo decor.,6706701a98ac07710c36b004,151
6706701a98ac07710c36b2be,Bellum tamisium desidero concido at sordeo cervus trucido cum tondeo.,6706701a98ac07710c36afda,152
6706701a98ac07710c36b2bf,Cursim cupiditate sordeo trado in.,6706701a98ac07710c36b093,153
6706701a98ac07710c36b2c0,Desolo tres argentum vobis sursum una cervus adhaero suscipit.,6706701a98ac07710c36b099,154
6706701a98ac07710c36b2c1,Centum virgo fugiat antiquus.,6706701a98ac07710c36affb,155
6706701a98ac07710c36b2c2,Corona civis tres.,6706701a98ac07710c36afe2,156
6706701a98ac07710c36b2c3,Trado theologus debeo.,6706701a98ac07710c36affa,157
6706701a98ac07710c36b2c4,Aliqua comis deludo statua careo sui balbus condico.,6706701a98ac07710c36b092,158
6706701a98ac07710c36b2c5,Adimpleo canto claustrum quaerat vitium dens patruus utpote succurro.,6706701a98ac07710c36b09b,159
6706701a98ac07710c36b2c6,Templum trucido acies tui.,6706701a98ac07710c36b008,160
6706701a98ac07710c36b2c7,Denuncio arcus odit.,6706701a98ac07710c36afee,161
6706701a98ac07710c36b2c8,Ex maxime bene culpa beatae aegre.,6706701a98ac07710c36b042,162
6706701a98ac07710c36b2c9,Valeo consequatur appono deludo sollers crastinus.,6706701a98ac07710c36b0ce,163
6706701a98ac07710c36b2ca,Creo adsuesco cultellus summa cicuta utor culpo tres terminatio umerus.,6706701a98ac07710c36b0d8,164
6706701a98ac07710c36b2cb,Architecto studio vulnus vetus copiose tandem casso sub.,6706701a98ac07710c36b0d5,165
6706701a98ac07710c36b2cc,Curto consequatur centum beatus.,6706701a98ac07710c36b03b,166
6706701a98ac07710c36b2cd,Verus ducimus sint.,6706701a98ac07710c36b05a,167
6706701a98ac07710c36b2ce,Torqueo curvo caput.,6706701a98ac07710c36b09c,168
6706701a98ac07710c36b2cf,Demitto tepidus totam depulso magnam conspergo tristis pel turbo amitto.,6706701a98ac07710c36b07e,169
6706701a98ac07710c36b2d0,Degero una vesica nesciunt cohaero volubilis testimonium.,6706701a98ac07710c36afd4,170
6706701a98ac07710c36b2d1,Alius quisquam accusamus.,6706701a98ac07710c36b0fa,171
6706701a98ac07710c36b2d2,Vomer aegrus tenuis viscus videlicet textilis tibi molestiae desipio credo.,6706701a98ac07710c36b019,172
6706701a98ac07710c36b2d3,Tollo tabella stella uredo vulnus volup suppellex certus careo.,6706701a98ac07710c36b03e,173
6706701a98ac07710c36b2d4,Succedo tui dolor absum consuasor statim depopulo.,6706701a98ac07710c36b02a,174
6706701a98ac07710c36b2d5,Adfectus ait cresco comprehendo.,6706701a98ac07710c36b0c2,175
6706701a98ac07710c36b2d6,Adipisci creber certus advoco antepono inventore tertius cubicularis adulescens ustilo.,6706701a98ac07710c36b0cc,176
6706701a98ac07710c36b2d7,Defero suffoco quas velociter deduco undique centum odit demergo.,6706701a98ac07710c36b02e,177
6706701a98ac07710c36b2d8,Pauci sto auxilium.,6706701a98ac07710c36b02b,178
6706701a98ac07710c36b2d9,Textor cresco vergo tristis beneficium consequatur cohaero tenetur.,6706701a98ac07710c36b07d,179
6706701a98ac07710c36b2da,Antea votum corrigo conicio ulciscor explicabo adulatio tardus conqueror tres.,6706701a98ac07710c36b0b0,180
6706701a98ac07710c36b2db,Defero audax at vomer adipiscor exercitationem quod abduco tamen vorago.,6706701a98ac07710c36b018,181
6706701a98ac07710c36b2dc,Aliquam solum cedo laudantium hic aspernatur mollitia sustineo supplanto.,6706701a98ac07710c36b032,182
6706701a98ac07710c36b2dd,Cernuus infit communis canis verus constans creo vado patrocinor bonus.,6706701a98ac07710c36b059,183
6706701a98ac07710c36b2de,Vilis adfero depromo aro vulnus.,6706701a98ac07710c36b089,184
6706701a98ac07710c36b2df,Adsum absorbeo voluptatum derelinquo.,6706701a98ac07710c36b0d5,185
6706701a98ac07710c36b2e0,Beneficium cum appello adeptio.,6706701a98ac07710c36b069,186
6706701a98ac07710c36b2e1,Congregatio triumphus cado vivo reiciendis cribro vinum aeternus supplanto absorbeo.,6706701a98ac07710c36afd0,187
6706701a98ac07710c36b2e2,Terror attero adinventitias videlicet bonus cultura.,6706701a98ac07710c36b0c4,188
6706701a98ac07710c36b2e3,Turbo defaeco suggero auxilium angulus.,6706701a98ac07710c36b022,189
6706701a98ac07710c36b2e4,Aeternus pectus totidem crastinus validus dolore absens tristis usitas.,6706701a98ac07710c36b05f,190
6706701a98ac07710c36b2e5,Voluptatem vinco officia conturbo tamdiu.,6706701a98ac07710c36b07e,191
6706701a98ac07710c36b2e6,Crux stultus vulgo ustulo.,6706701a98ac07710c36b079,192
6706701a98ac07710c36b2e7,Illum ulciscor coepi pectus tui pel subvenio decumbo absorbeo.,6706701a98ac07710c36afd5,193
6706701a98ac07710c36b2e8,Traho certe corrupti testimonium arma.,6706701a98ac07710c36b044,194
6706701a98ac07710c36b2e9,Aestivus spargo attollo conturbo.,6706701a98ac07710c36b0e2,195
6706701a98ac07710c36b2ea,Atqui in vomica ago advenio autus decipio sit.,6706701a98ac07710c36b0b0,196
6706701a98ac07710c36b2eb,Harum speculum damnatio adulescens deserunt quae.,6706701a98ac07710c36b0eb,197
6706701a98ac07710c36b2ec,Aetas distinctio sortitus cilicium cogito ventito admoneo.,6706701a98ac07710c36b070,198
6706701a98ac07710c36b2ed,Brevis ubi dolor caelum tametsi contego clam.,6706701a98ac07710c36afe5,199
6706701a98ac07710c36b2ee,Stipes explicabo carus.,6706701a98ac07710c36b0b1,200
6706701a98ac07710c36b2ef,Sum amaritudo deorsum deorsum denuncio totidem.,6706701a98ac07710c36b060,201
6706701a98ac07710c36b2f0,Armarium pel viscus conduco appello depraedor defendo curtus comedo.,6706701a98ac07710c36b029,202
6706701a98ac07710c36b2f1,Modi cultura celo tyrannus textus vomito caritas.,6706701a98ac07710c36afe7,203
6706701a98ac07710c36b2f2,Cimentarius collum tollo spero.,6706701a98ac07710c36b00a,204
6706701a98ac07710c36b2f3,Adfero cursim doloremque.,6706701a98ac07710c36b03f,205
6706701a98ac07710c36b2f4,Voluptate utilis qui socius aegrotatio.,6706701a98ac07710c36b0d2,206
6706701a98ac07710c36b2f5,Adulatio textor toties.,6706701a98ac07710c36b063,207
6706701a98ac07710c36b2f6,Comparo demitto torrens.,6706701a98ac07710c36b045,208
6706701a98ac07710c36b2f7,Decumbo clam dolorem bos nihil fuga apostolus summa uredo uterque.,6706701a98ac07710c36b008,209
6706701a98ac07710c36b2f8,Ulciscor crastinus tyrannus quo derelinquo.,6706701a98ac07710c36b075,210
6706701a98ac07710c36b2f9,Virtus tristis supra vociferor venio saepe adnuo cubitum defaeco sponte.,6706701a98ac07710c36b040,211
6706701a98ac07710c36b2fa,Comitatus uredo commodo amplus acervus spoliatio absum bonus viscus.,6706701a98ac07710c36b00c,212
6706701a98ac07710c36b2fb,Commodi sulum theologus complectus ara sulum casus desipio succedo aer.,6706701a98ac07710c36afec,213
6706701a98ac07710c36b2fc,Creo recusandae tantum.,6706701a98ac07710c36b02c,214
6706701a98ac07710c36b2fd,Cibus tantum arceo triduana sit aureus valens.,6706701a98ac07710c36b019,215
6706701a98ac07710c36b2fe,Corporis volva deorsum tui tersus.,6706701a98ac07710c36b028,216
6706701a98ac07710c36b2ff,Caritas ars attero communis.,6706701a98ac07710c36b0e2,217
6706701a98ac07710c36b300,Sit capto facere civis tardus timor aggero amor vomito cursus.,6706701a98ac07710c36b0f1,218
6706701a98ac07710c36b301,Facere aedificium celer tertius atque brevis cubitum ducimus tubineus defetiscor.,6706701a98ac07710c36b025,219
6706701a98ac07710c36b302,Clementia benigne suadeo enim decerno.,6706701a98ac07710c36b09f,220
6706701a98ac07710c36b303,Conforto facere vito bene eos concedo.,6706701a98ac07710c36b044,221
6706701a98ac07710c36b304,Creta sublime tutamen temperantia sono.,6706701a98ac07710c36b00e,222
6706701a98ac07710c36b305,Ad cribro tribuo.,6706701a98ac07710c36afd9,223
6706701a98ac07710c36b306,Depraedor color veniam praesentium solum tepesco trepide appositus.,6706701a98ac07710c36b053,224
6706701a98ac07710c36b307,Creo ultio aperio tabesco.,6706701a98ac07710c36b024,225
6706701a98ac07710c36b308,Tollo quis caecus pecus.,6706701a98ac07710c36b0f1,226
6706701a98ac07710c36b309,Cattus id arca caute delicate cariosus appello illum cresco.,6706701a98ac07710c36b077,227
6706701a98ac07710c36b30a,Ambitus adinventitias tenus repellendus voco illo.,6706701a98ac07710c36b097,228
6706701a98ac07710c36b30b,Coruscus tergum sursum creber adeptio eos advoco vulariter.,6706701a98ac07710c36b008,229
6706701a98ac07710c36b30c,Succurro quis acceptus thesis nihil crepusculum ceno tyrannus odit crapula.,6706701a98ac07710c36afd0,230
6706701a98ac07710c36b30d,Aranea utique spero cogo conculco.,6706701a98ac07710c36b0c7,231
6706701a98ac07710c36b30e,Consuasor accusamus templum asperiores vulariter taceo aspernatur abduco.,6706701a98ac07710c36b04d,232
6706701a98ac07710c36b30f,Vehemens alienus annus assentator architecto cornu adopto colligo tunc considero.,6706701a98ac07710c36b0e2,233
6706701a98ac07710c36b310,Crastinus deinde terra debilito bellicus conitor blandior caries subiungo.,6706701a98ac07710c36b08e,234
6706701a98ac07710c36b311,Via paens ciminatio denuo vapulus confugo.,6706701a98ac07710c36b007,235
6706701a98ac07710c36b312,Amaritudo volaticus bibo solutio tenus umbra.,6706701a98ac07710c36b0b0,236
6706701a98ac07710c36b313,Curiositas patrocinor tripudio.,6706701a98ac07710c36b00e,237
6706701a98ac07710c36b314,Arbustum argumentum curiositas terminatio.,6706701a98ac07710c36b052,238
6706701a98ac07710c36b315,Summopere ante sodalitas unde charisma.,6706701a98ac07710c36b0a2,239
6706701a98ac07710c36b316,Quas nemo asper cogito et voluptatum adamo qui defluo.,6706701a98ac07710c36b08b,240
6706701a98ac07710c36b317,Amaritudo adflicto statua abscido suscipit tenus alius theatrum dedecor.,6706701a98ac07710c36b073,241
6706701a98ac07710c36b318,Tabella thesis subseco arca dolorum amiculum adversus.,6706701a98ac07710c36b0de,242
6706701a98ac07710c36b319,Voveo arbor adamo accendo compello.,6706701a98ac07710c36b094,243
6706701a98ac07710c36b31a,Capitulus pectus cibo.,6706701a98ac07710c36b056,244
6706701a98ac07710c36b31b,Cenaculum culpa terreo.,6706701a98ac07710c36b056,245
6706701a98ac07710c36b31c,Adicio desolo sumptus vicissitudo.,6706701a98ac07710c36b00e,246
6706701a98ac07710c36b31d,Textus mollitia decor aufero clarus tam.,6706701a98ac07710c36afd5,247
6706701a98ac07710c36b31e,Tollo arbitro voco.,6706701a98ac07710c36b073,248
6706701a98ac07710c36b31f,Omnis suscipit beatus tantum terga.,6706701a98ac07710c36b049,249
6706701a98ac07710c36b320,Soleo tamisium vilicus clementia viridis quam veritatis cedo creber deduco.,6706701a98ac07710c36b007,250
6706701a98ac07710c36b321,Audentia tunc trado.,6706701a98ac07710c36afd0,251
6706701a98ac07710c36b322,Vomito auctor neque sulum amo aveho aurum copiose defetiscor.,6706701a98ac07710c36b014,252
6706701a98ac07710c36b323,Tendo crapula trucido termes aranea custodia tersus certe.,6706701a98ac07710c36b0d8,253
6706701a98ac07710c36b324,Defaeco coma adinventitias allatus vicissitudo.,6706701a98ac07710c36b080,254
6706701a98ac07710c36b325,Adsuesco vindico alter aeger cupiditas thesaurus solus magni.,6706701a98ac07710c36b084,255
6706701a98ac07710c36b326,Pecto nulla sollers cultura defluo quasi tondeo acervus.,6706701a98ac07710c36b026,256
6706701a98ac07710c36b327,Triduana adversus beatus defleo vigilo ciminatio cervus speciosus ultio viscus.,6706701a98ac07710c36b062,257
6706701a98ac07710c36b328,Verto cibus temeritas vindico.,6706701a98ac07710c36b0b5,258
6706701a98ac07710c36b329,Vacuus absens cum ubi vereor abundans alter antea aegre corrumpo.,6706701a98ac07710c36b001,259
6706701a98ac07710c36b32a,Uterque bellum statua.,6706701a98ac07710c36affd,260
6706701a98ac07710c36b32b,Aestas delibero correptius tactus.,6706701a98ac07710c36b05a,261
6706701a98ac07710c36b32c,Dens sperno confero pauper molestias solium.,6706701a98ac07710c36b07f,262
6706701a98ac07710c36b32d,Cultellus celo canis stipes correptius virga ad vinco amiculum.,6706701a98ac07710c36b095,263
6706701a98ac07710c36b32e,Cur coniuratio aestivus stella tricesimus.,6706701a98ac07710c36b040,264
6706701a98ac07710c36b32f,Degusto quae cotidie cinis soluta.,6706701a98ac07710c36b09b,265
6706701a98ac07710c36b330,Calcar ante administratio cunabula vinum thymum arceo.,6706701a98ac07710c36b064,266
6706701a98ac07710c36b331,Talus civis thymum praesentium amaritudo cado sum.,6706701a98ac07710c36b04a,267
6706701a98ac07710c36b332,Natus voluptas accusator suscipio.,6706701a98ac07710c36b040,268
6706701a98ac07710c36b333,Ager corrumpo vulgo deprecator solitudo atrox.,6706701a98ac07710c36afd0,269
6706701a98ac07710c36b334,Aperte valens subnecto.,6706701a98ac07710c36b069,270
6706701a98ac07710c36b335,Amoveo vel dedecor.,6706701a98ac07710c36b013,271
6706701a98ac07710c36b336,Usque advoco vitiosus ait.,6706701a98ac07710c36affc,272
6706701b98ac07710c36b337,Triumphus suppellex abeo.,6706701a98ac07710c36b0d1,273
6706701b98ac07710c36b338,Suasoria appono totidem brevis voveo.,6706701a98ac07710c36b0cf,274
6706701b98ac07710c36b339,Aperte paulatim abutor coadunatio celer.,6706701a98ac07710c36b06c,275
6706701b98ac07710c36b33a,Adicio tandem voluptatibus.,6706701a98ac07710c36b09e,276
6706701b98ac07710c36b33b,Statua verecundia advenio nesciunt ustulo tum cito.,6706701a98ac07710c36b036,277
6706701b98ac07710c36b33c,Talis umbra verto cognatus.,6706701a98ac07710c36b063,278
6706701b98ac07710c36b33d,Eaque decumbo ratione subiungo pel xiphias demergo.,6706701a98ac07710c36b069,279
6706701b98ac07710c36b33e,Ultra deleo defaeco uterque volva vinculum circumvenio denuncio curatio vere.,6706701a98ac07710c36b066,280
6706701b98ac07710c36b33f,Celebrer tardus neque tutis venio toties provident sublime arcus.,6706701a98ac07710c36afda,281
6706701b98ac07710c36b340,Stillicidium coniecto et addo tempus arceo quae numquam.,6706701a98ac07710c36affb,282
6706701b98ac07710c36b341,Statim conventus surculus adipiscor maiores summopere conventus ocer suadeo vere.,6706701a98ac07710c36afda,283
6706701b98ac07710c36b342,Tantillus adipisci alii hic debeo a utrimque commodi undique decretum.,6706701a98ac07710c36b032,284
6706701b98ac07710c36b343,Spargo tepesco vesica nam aggredior thorax.,6706701a98ac07710c36b0b7,285
6706701b98ac07710c36b344,Patria cunabula cura tum et patrocinor ultra tersus amplitudo caste.,6706701a98ac07710c36b025,286
6706701b98ac07710c36b345,Voluptate ancilla texo aegrus comitatus attero tenetur peior verecundia.,6706701a98ac07710c36b0c5,287
6706701b98ac07710c36b346,Deripio ubi umbra desolo tumultus velum.,6706701a98ac07710c36b065,288
6706701b98ac07710c36b347,Copia dolorum vulariter acceptus.,6706701a98ac07710c36aff6,289
6706701b98ac07710c36b348,Praesentium quos ater nesciunt tres adnuo.,6706701a98ac07710c36b0c7,290
6706701b98ac07710c36b349,Substantia pecco sum canonicus assumenda adamo cupiditas.,6706701a98ac07710c36afdd,291
6706701b98ac07710c36b34a,Utrimque sed beatae benevolentia cimentarius eius deinde cribro.,6706701a98ac07710c36aff3,292
6706701b98ac07710c36b34b,Amitto terror deserunt claudeo adhuc suscipio uter vereor sustineo cibo.,6706701a98ac07710c36afd3,293
6706701b98ac07710c36b34c,Exercitationem tunc cohibeo tempus cinis turbo stipes umerus decens.,6706701a98ac07710c36b0b3,294
6706701b98ac07710c36b34d,Pecto tepesco celo vorago temperantia ademptio usus ademptio.,6706701a98ac07710c36b03c,295
6706701b98ac07710c36b34e,Voluptatum ea cupio consequuntur conspergo aliquid adeptio civis.,6706701a98ac07710c36b0bc,296
6706701b98ac07710c36b34f,Cinis careo xiphias acer tabgo odio.,6706701a98ac07710c36b0ef,297
6706701b98ac07710c36b350,Ullam cimentarius sonitus cariosus nobis atqui deorsum decet ulterius labore.,6706701a98ac07710c36b04a,298
6706701b98ac07710c36b351,Turbo crinis thymbra ut virtus vestigium viscus.,6706701a98ac07710c36b037,299
6706701b98ac07710c36b352,Terror aeneus cultura pecus eos aptus torqueo.,6706701a98ac07710c36afd5,300
670670bc2ce0cd253f1fa4cc,Quiz 1,670670bc2ce0cd253f1fa4c8,301
