learningMaterialId,title,description,duration,department,learningMaterialKey
6706701a98ac07710c36afcf,Culpa thema ipsam adfectus.,Ratione denique capillus possimus admiratio terreo. Rem civitas tabella. Arbitro uberrime coma angulus optio paulatim cetera.,115.0,Data Science,1
6706701a98ac07710c36afd0,Tardus acquiro suffragium.,Demergo pariatur tunc supplanto dapifer colo. Coerceo amissio vitiosus universe agnitio. Nihil degusto defungo capto vergo adulatio bos thalassinus.,36.0,Full Stack,2
6706701a98ac07710c36afd1,Cohibeo quia arbustum voluptatibus audio quae caritas.,Comptus triduana suspendo abeo. Benevolentia celo vestigium. Absorbeo caelum solio complectus.,132.0,Data Engineering,3
6706701a98ac07710c36afd2,Benevolentia alter adinventitias ago clementia vilis.,Varius theca vero occaecati nam vicissitudo atavus speciosus ater. Viridis dedecor aequus toties. Benigne aliquam amet verto curtus ante confero solium adimpleo.,74.0,Data Engineering,4
6706701a98ac07710c36afd3,Cupressus ara cito ante veritas reprehenderit tamquam ter.,Stabilis virga ascisco tondeo trans thermae solus stella coepi trans. Benevolentia amo apostolus eius autus. Animi versus decet velum.,105.0,Full Stack,5
6706701a98ac07710c36afd4,Tertius theologus color corroboro corrumpo acidus.,Tepesco demonstro curia velit cornu unde benevolentia cariosus compono temporibus. Conspergo ambitus textilis. Crebro et considero.,41.0,Full Stack,6
6706701a98ac07710c36afd5,Surculus claustrum strues credo desipio crastinus anser terga minus contigo.,Calco ultio arbor ratione sollicito subiungo. Umerus tabernus audacia ratione consequuntur. Truculenter ex est vito.,87.0,Data Engineering,7
6706701a98ac07710c36afd6,Utilis creber attonbitus quo enim.,Ocer vereor clibanus acceptus circumvenio curtus adopto usque. Agnosco patria sustineo caterva quam. Admoveo delectus turbo viriliter considero.,165.0,Data Engineering,8
6706701a98ac07710c36afd7,Rem theca aranea porro utroque attero textilis crinis validus.,Cedo tamdiu colo derideo aedificium atqui verumtamen patruus praesentium ter. Deinde ulciscor ait cunctatio ait ducimus spectaculum colligo nulla similique. Uredo utique ventosus clarus canonicus universe cruentus demitto tepidus calcar.,136.0,Data Science,9
6706701a98ac07710c36afd8,Bellicus adversus nisi.,Aurum tres eaque. Similique vinco vir subiungo exercitationem. Itaque tamisium talis collum suscipio cernuus certus.,74.0,Data Engineering,10
6706701a98ac07710c36afd9,Vivo apostolus arguo.,Titulus blanditiis strenuus corona apto surculus. Audeo degero tantum tepesco. Talio aperiam ullus comprehendo adsidue a cribro.,141.0,Full Stack,11
6706701a98ac07710c36afda,Conventus verbum peior esse cupressus voluptate verumtamen cupressus reiciendis.,Color vester carus pecus ante. Asporto crudelis sumptus totidem talio vacuus condico. Articulus valetudo amplitudo videlicet.,47.0,Full Stack,12
6706701a98ac07710c36afdb,Cilicium triumphus terga supplanto perferendis.,Tempora terebro defungo vobis arbitro thorax tenus amplitudo virgo arguo. Complectus vox absorbeo calcar certus abutor temperantia adimpleo cogito amitto. Vulariter atrox vesica.,46.0,Data Science,13
6706701a98ac07710c36afdc,Adsidue combibo texo nemo.,Totidem ago dolores acceptus capio ademptio cariosus praesentium. Cubo carcer timor depromo arguo. Tergiversatio spectaculum utrum suadeo abeo canonicus.,86.0,Data Science,14
6706701a98ac07710c36afdd,Veniam impedit porro delinquo aro spargo labore.,Validus vociferor sit aegrotatio patrocinor reiciendis amoveo optio conicio atavus. Color constans tempus eos rerum assumenda confero. Infit cibus argumentum tonsor spes viridis cervus corrigo.,99.0,Data Engineering,15
6706701a98ac07710c36afde,Testimonium ex urbs callide atqui despecto.,Somniculosus aestas venustas omnis clam ventus crastinus tantum tunc officiis. Arx abstergo praesentium catena delinquo. Summopere combibo brevis.,167.0,Full Stack,16
6706701a98ac07710c36afdf,Teres turba depereo validus denuncio supra spero.,Facilis valeo provident tempus commemoro temperantia vestigium viduo tersus. Debeo sequi conor tutis absconditus calculus sophismata hic absum vilis. Comprehendo conspergo studio amo subvenio nobis.,105.0,Full Stack,17
6706701a98ac07710c36afe0,Textus conduco censura.,Patior termes placeat deputo vulgus. Argentum terra clarus. Amiculum torqueo cimentarius suggero conduco abscido super audeo.,141.0,Data Engineering,18
6706701a98ac07710c36afe1,Deleniti adhaero articulus blandior suffragium thema depulso demonstro curso.,Velum tenetur aegrotatio tenuis comitatus votum. Cado atavus adficio tepesco turbo commemoro. Terror bis cervus stipes vae sono curvo spiculum.,122.0,Data Science,19
6706701a98ac07710c36afe2,Antiquus ullam peior terminatio ago absens.,Arx arx aliquam dedecor confero tergum. Universe tamquam strues voluptatum ubi auxilium vigilo succurro. Credo auctor degero carcer congregatio blandior.,152.0,Data Science,20
6706701a98ac07710c36afe3,Patruus cognatus compello vita temporibus surculus decor ventito.,Aqua beatae voluptates aliqua. Suadeo amo congregatio consectetur verus vesper coerceo curatio comburo. Aggero assentator nihil patrocinor combibo capio iure maxime.,36.0,Data Engineering,21
6706701a98ac07710c36afe4,Suppellex admoneo creo currus adamo deleo ratione vetus maxime.,Coniecto aduro a accedo cupiditate aeternus. Abundans studio claro aspicio voveo comedo. Ullam sustineo charisma recusandae.,122.0,Data Engineering,22
6706701a98ac07710c36afe5,Convoco vulgus casus bellicus aspernatur cognomen temeritas tenax celo.,Magnam congregatio tendo incidunt solum degenero averto. Adulescens aliquid curia theca angustus quam surgo textor blanditiis. Stipes sapiente eaque concido ubi desino torrens saepe.,122.0,Data Engineering,23
6706701a98ac07710c36afe6,Calco degusto confugo dapifer antepono capillus audacia casso volup.,Non comminor cedo velut auctus. Animus venustas alias curtus summisse avarus consuasor. Arma magni tremo thymbra summopere tristis condico.,73.0,Data Science,24
6706701a98ac07710c36afe7,Versus caelum sapiente peccatus turpis absum aestas pauci pectus.,Teres deorsum tener confido ventosus supplanto. Crebro cur sopor coma villa tam unde appono. Celebrer dedico aegrotatio articulus reiciendis sponte coma tardus sumptus expedita.,60.0,Data Science,25
6706701a98ac07710c36afe8,Abutor antea speculum.,Pecco desparatus ancilla assumenda vesica. Aeneus clibanus conspergo subnecto cribro conicio. Spero ab admitto caveo.,63.0,Full Stack,26
6706701a98ac07710c36afe9,Advenio desparatus amoveo autem curriculum patior volaticus autem speciosus calculus.,Titulus antea amitto. Speculum optio quasi arceo casso aperte bestia. Adflicto tres tripudio cognomen cum careo sumptus.,135.0,Full Stack,27
6706701a98ac07710c36afea,Cupio somnus textor tutamen demergo itaque.,Derelinquo studio ubi tenetur defetiscor conscendo ad. Victoria aer taedium derideo ipsam adsuesco cultura aeger tego sublime. Civitas aetas defaeco.,137.0,Full Stack,28
6706701a98ac07710c36afeb,Congregatio sui utrimque admoneo magnam.,Veritas tres alias deficio adhuc conitor tersus timidus animus. Nam clementia comes minima. Caelum acsi turpis amita.,44.0,Full Stack,29
6706701a98ac07710c36afec,Desolo aer error cuppedia.,Una argumentum dignissimos acer deorsum solium quis. Agnosco contigo cubitum curso vomito tantum confero succurro clarus. Arbustum crebro balbus delicate truculenter curis a in ullus.,158.0,Data Science,30
6706701a98ac07710c36afed,Cogito aggero beatus sordeo spargo consectetur super tactus amo.,Aestas video xiphias. Arma deduco utpote vulticulus. Minima confero repudiandae laudantium decens supellex curo caute tactus.,85.0,Data Science,31
6706701a98ac07710c36afee,Comburo somnus creptio derideo cunctatio tumultus agnosco ater.,Laudantium vallum uredo appono tandem volubilis voluptatibus defetiscor iste. Atqui benigne studio agnitio subseco somniculosus cohors. Versus desipio arca.,98.0,Data Science,32
6706701a98ac07710c36afef,Decor abscido temporibus.,Desipio debitis sum. Certus defessus solitudo aspernatur aspernatur suggero rem annus alveus. Deprecator caste blanditiis.,118.0,Full Stack,33
6706701a98ac07710c36aff0,Culpa admoveo ascit claustrum viriliter apparatus unus iure alii.,Utique audio ait sursum animi. Claro adnuo torqueo aestus laborum deduco tolero voluptatem. Sollicito astrum cogito arma velut.,38.0,Data Science,34
6706701a98ac07710c36aff1,Laboriosam terra caelum odit talio chirographum velut vobis enim eligendi.,Capto sed ullus calco defetiscor. Aequus modi admoveo. Ascisco deleo decet.,128.0,Data Science,35
6706701a98ac07710c36aff2,Allatus carcer aperte arto defessus cursus corrigo caput suffoco concedo.,Quisquam suadeo administratio casus. Repudiandae spero cena nesciunt. Sonitus termes usque aegrotatio utrum aveho.,74.0,Data Science,36
6706701a98ac07710c36aff3,Ascisco ante curvo crur succedo tubineus demum.,Aggero decor arcus deficio. Depereo toties cicuta dolor. Totam uredo est comptus.,86.0,Full Stack,37
6706701a98ac07710c36aff4,Thesaurus claudeo aeneus audio voluptatum aggredior.,Ubi cetera bibo vitium adficio acquiro vespillo adhaero. Unus conservo tertius avarus ab venustas itaque. Constans claro concido civis cupressus.,179.0,Full Stack,38
6706701a98ac07710c36aff5,Sustineo repellat vehemens aspernatur audax vallum omnis.,Quia thalassinus consequuntur consuasor custodia tabella verbum teneo. Copia vulgus accendo peior sto suppono fugit tamisium causa. Animus valeo conscendo solutio demulceo.,78.0,Full Stack,39
6706701a98ac07710c36aff6,Vix cornu aperte adfectus abeo capio.,Depono chirographum deprimo allatus coruscus. Pax vomito traho alias vilis vix venia nesciunt tolero. Vobis cubicularis cervus communis cohaero terreo cerno cupio varius cibus.,52.0,Full Stack,40
6706701a98ac07710c36aff7,Sulum ascit barba attero vacuus arbustum teneo valeo eum utpote.,Arbustum vorax cenaculum barba quod aetas temperantia tyrannus. Calco arbor uter attero denique. Deripio vita anser aliquam victus.,71.0,Full Stack,41
6706701a98ac07710c36aff8,Tabernus fuga cornu audio verecundia.,Arbustum libero arbitro spes vitium tego. Usus avarus aggero vix trepide vel texo volubilis curto dolore. Crinis tutis agnosco video suffoco dolor.,123.0,Data Science,42
6706701a98ac07710c36aff9,Coepi sunt arbor.,Nihil conscendo voluptatibus. Enim triumphus contra cruentus. Voco annus aiunt theatrum textus odit.,130.0,Data Engineering,43
6706701a98ac07710c36affa,Comparo statua rem complectus aetas aperiam vestigium.,Auditor abscido quae bonus synagoga. Acceptus utrum tutamen paens paens amo. Adulescens theatrum validus.,47.0,Full Stack,44
6706701a98ac07710c36affb,Casus cursim libero adnuo amitto rerum inflammatio terra.,Vero occaecati aeneus adeptio denuo addo absconditus cupio talio. Impedit solitudo cupressus. Caste dolores rerum strues cilicium carbo bardus.,103.0,Full Stack,45
6706701a98ac07710c36affc,Arbor sponte suscipio barba paens amet clamo bestia depopulo.,Templum quibusdam contigo dolorem. Doloremque curatio abbas sodalitas caecus tristis. Ars quaerat varietas cilicium coniuratio.,31.0,Full Stack,46
6706701a98ac07710c36affd,Colligo pauper cilicium deinde suadeo celer derelinquo celo repellat defessus.,Solium contabesco absconditus spiculum aliquam. Cura cetera taceo theatrum sodalitas traho alo amoveo utpote. Urbs tollo anser copiose abscido.,55.0,Full Stack,47
6706701a98ac07710c36affe,Vix accusamus suasoria suppono.,Tertius volaticus congregatio cunabula corrigo consequuntur varius. Desidero acidus strenuus annus ter verbera. Ventus virgo solus terra celer desipio.,169.0,Full Stack,48
6706701a98ac07710c36afff,Studio tripudio adversus.,Dapifer celebrer minima cognomen turbo. Subiungo ustulo suspendo aqua tutamen aufero. Deleniti aureus cubicularis.,61.0,Full Stack,49
6706701a98ac07710c36b000,Ad vox viriliter aranea videlicet crux spiculum claustrum contabesco.,Amiculum vulgaris attollo ulciscor verto cognatus aeternus tabernus subiungo virgo. Sublime asporto vorax aliquam armarium pectus dapifer eaque expedita autus. Vilicus conicio tumultus nulla ustilo.,99.0,Data Engineering,50
6706701a98ac07710c36b001,Tibi amoveo cubo ustilo dolorum compello arcus decipio debilito vallum.,Triduana asper vobis agnitio ocer truculenter tepidus vito. Alius accommodo cariosus turpis accusamus. Deficio vulgivagus cetera aufero advenio voluptate virgo vobis supplanto.,75.0,Full Stack,51
6706701a98ac07710c36b002,Summa defleo statim creator stillicidium.,Angulus confido via atqui derelinquo eaque. Trucido eos cinis conduco et ea teneo absum dolorem. Voluptas tenus appositus cicuta est auditor.,175.0,Full Stack,52
6706701a98ac07710c36b003,Tremo peior patior aegrus officia volaticus officia conitor vesper ratione.,Tametsi circumvenio corona depereo adnuo. Eligendi advoco virtus adhuc apparatus cito cur acidus crux recusandae. Deripio antiquus blanditiis verumtamen pariatur vinum deputo consectetur ventosus.,124.0,Data Science,53
6706701a98ac07710c36b004,Cena clamo vorago uredo subseco aer amaritudo illum.,Verecundia culpo creptio corrupti temperantia credo libero conscendo bonus absque. Valetudo condico caries acervus ocer. Tonsor sunt crudelis.,73.0,Data Engineering,54
6706701a98ac07710c36b005,Totidem ceno desidero tamen.,Cenaculum alienus modi artificiose adsuesco quas auctor. Trucido abbas spectaculum arguo vitium accommodo patrocinor versus contra vix. Video cupiditas aequitas.,72.0,Data Engineering,55
6706701a98ac07710c36b006,Odit cupiditas laboriosam sui aggero temporibus.,Sono labore tracto cultellus. Certus creo carcer. Videlicet excepturi somniculosus modi colo apud defungo ultio creber.,175.0,Data Engineering,56
6706701a98ac07710c36b007,Tunc quidem venustas corrigo magni beatae bellum urbs clarus vaco.,Tamen eveniet suscipit trado creo arbor. Cauda adsidue conicio. Viridis summopere cito.,86.0,Data Engineering,57
6706701a98ac07710c36b008,Termes desipio adnuo varius utroque abbas voluptas.,Victus commodi sui cura vita ullam. Cur sulum peccatus votum denuo cognatus atrox. Vobis causa carpo.,158.0,Data Science,58
6706701a98ac07710c36b009,Decimus accedo centum ea desparatus allatus ubi color.,Alioqui absens admiratio nihil unus terror vulpes. Audax adeptio calco abduco vomer tripudio uter velum textilis. Amet patrocinor adimpleo amissio statim antiquus.,34.0,Full Stack,59
6706701a98ac07710c36b00a,Cubicularis statim callide vapulus voveo corona velociter repellat voluptates.,Perferendis esse viscus temperantia teneo. Non stabilis alius voluptas curriculum deprimo teres. Coniecto capitulus eaque.,48.0,Full Stack,60
6706701a98ac07710c36b00b,Vomica decet adflicto conatus curiositas quod adsum acsi aeger.,Ipsam substantia cunae stabilis varietas. Vigor vobis cado audax labore constans curia ullus traho. Occaecati cupressus defendo.,49.0,Full Stack,61
6706701a98ac07710c36b00c,Utrimque territo velum cultura adaugeo tergeo.,Adhaero vulgo aurum summopere. Peccatus averto decor certe. Absconditus libero termes exercitationem turba sit.,39.0,Data Engineering,62
6706701a98ac07710c36b00d,Tamquam corroboro cubo solutio sustineo apostolus nihil ventosus accendo.,Amiculum suffoco arbustum caelestis aveho video excepturi uredo quos. Tot terebro aequus. Vallum ea terebro stipes tumultus temporibus dicta porro basium.,77.0,Data Engineering,63
6706701a98ac07710c36b00e,Depulso doloremque capitulus texo corrumpo cruciamentum agnitio tendo ter.,Adflicto chirographum claudeo crinis coniecto sublime terror via occaecati. Umbra spiritus traho tergum aggredior tabella delego iusto. Attero vinco aestus adipiscor audax aperio comptus spoliatio temporibus campana.,73.0,Data Science,64
6706701a98ac07710c36b00f,Bellicus tenuis vociferor adiuvo coniuratio amaritudo iste.,Cribro sodalitas venio apostolus comes conturbo barba. Molestias defessus cura debitis urbs autem vulgivagus adeptio adipiscor ambitus. Delectus voluptatibus theca arx volva aggero cupio antea vir.,38.0,Data Science,65
6706701a98ac07710c36b010,Molestiae civitas convoco accusator arbitro compono sequi acervus.,Congregatio spoliatio celebrer complectus quibusdam tertius. Aggero commodi similique crustulum. Calamitas colligo capto eaque.,107.0,Full Stack,66
6706701a98ac07710c36b011,Acidus victoria tempora cado acquiro vox talis.,Arma consuasor doloribus aduro arbitro denuo delego cursus. Validus audeo harum supellex ipsum. Sui adduco trado unde fuga victoria tolero.,172.0,Data Science,67
6706701a98ac07710c36b012,Venustas quasi accedo circumvenio tenetur quia torrens est.,Tandem curriculum combibo aestus solitudo quis attollo substantia. Modi vobis capitulus abbas teneo appono conatus. Tempus voluptatum thema eum vulgo tego cedo desparatus.,167.0,Data Engineering,68
6706701a98ac07710c36b013,Colo tertius creator curia aro conforto clarus trucido iure creptio.,Aestas usus delicate tutis suppono avaritia brevis velum. Tener abutor somniculosus aegrotatio apud. Theatrum turba ullam omnis.,81.0,Data Engineering,69
6706701a98ac07710c36b014,Pecco saepe ipsum thema deficio.,Placeat alveus voluptatum. Peccatus accendo conscendo tergeo defluo. Amicitia spargo sumptus adopto velit credo.,40.0,Data Science,70
6706701a98ac07710c36b015,Audentia conor esse conspergo comedo utrum astrum derelinquo trans tabesco.,Dedico dedecor avarus possimus corrumpo casso ultra. Delibero amplexus deinde sol arcesso deputo deorsum optio. Creber ultio temptatio.,174.0,Data Science,71
6706701a98ac07710c36b016,Clibanus magni ab conventus deputo aegrotatio.,Colo templum veritas adhuc cunabula bis colo addo. Sortitus vulticulus vir triduana verto coaegresco acidus cena aveho. Celer solitudo defungo abstergo cariosus.,101.0,Data Science,72
6706701a98ac07710c36b017,Centum supra communis.,Debilito desparatus territo clamo consequuntur ara apud acidus corrigo. Vulgaris aequitas sollicito. Strenuus vorago quisquam subvenio.,177.0,Data Science,73
6706701a98ac07710c36b018,Balbus cupio ancilla.,Caveo usque pectus caute eius cupiditate. Barba nobis valetudo cur tabesco. Valens amplus animus aestus abduco.,173.0,Full Stack,74
6706701a98ac07710c36b019,Celer deinde tabella ciminatio.,Deprimo capitulus synagoga canis debilito suppellex texo vitiosus acer. Dens soleo confido suffragium. Speciosus delectus aeneus inventore quod sto sophismata consectetur amor cogito.,31.0,Full Stack,75
6706701a98ac07710c36b01a,Vitiosus copia casus assentator celo termes sublime spoliatio adeo derideo.,Contabesco balbus aperte rem sub bardus. Cimentarius una illo sophismata accedo sit cuppedia. Et talio calco venia id acceptus concido canonicus voluptatum.,128.0,Data Science,76
6706701a98ac07710c36b01b,Umerus clamo decipio utor saepe cruciamentum a.,Tunc tempora sulum sumptus attollo calamitas commodo coaegresco. Ab arguo aegrus crastinus. Truculenter condico apto adfectus audax delibero vesco vindico.,51.0,Data Science,77
6706701a98ac07710c36b01c,Viriliter valde titulus culpa summa mollitia verecundia bellum compello.,Bos cursim caterva tempore certe ante fuga arto terror. Velit urbanus aperiam vulnus valetudo conscendo depopulo vester at. Coma apparatus celebrer cavus.,101.0,Full Stack,78
6706701a98ac07710c36b01d,Casus necessitatibus carcer decor reiciendis adicio umquam ab collum considero.,Teneo terror deripio. Mollitia valens perferendis. Eos terra varius.,108.0,Data Science,79
6706701a98ac07710c36b01e,Accusamus allatus demoror.,Urbs necessitatibus officiis video sumptus voluptatibus mollitia acquiro veritatis adduco. Uterque alius bellicus blandior casso. Comptus thymbra ducimus minima suffragium paulatim voluntarius beneficium ventito deprimo.,64.0,Full Stack,80
6706701a98ac07710c36b01f,Ambitus sophismata dedecor ustulo tondeo altus vulgaris animadverto.,Cado appositus alveus deporto ascit comedo appositus laborum decumbo. Cenaculum triduana ait theca. Canis caveo benigne alo.,136.0,Data Science,81
6706701a98ac07710c36b020,Articulus accommodo adopto cohaero utroque vomer clamo abscido depopulo.,Curis earum theatrum carus admitto coaegresco adeo aedificium velociter enim. Aro tepesco sunt modi officiis cattus ventus nesciunt claudeo. Adstringo tandem temptatio deinde aeternus comburo aliquam tyrannus terminatio.,147.0,Data Engineering,82
6706701a98ac07710c36b021,Capio coerceo fugit veritas patruus.,Confugo vaco trucido. Cornu commodo centum vergo vomer crinis correptius votum vivo. Volaticus voco audentia ocer ustulo minus voluptas apud adversus.,113.0,Data Engineering,83
6706701a98ac07710c36b022,Volutabrum adulescens stabilis sint basium annus calco.,Adeo voluptate aegrotatio aequus compello. Delibero conscendo cilicium conscendo conspergo. Quibusdam torrens abscido supra subseco rerum argentum.,58.0,Data Science,84
6706701a98ac07710c36b023,Comminor tondeo audeo enim compello degenero vomito succedo.,Arto explicabo tego tertius theologus cubitum amet capio. Animus templum ait temperantia adnuo occaecati ver. Verumtamen provident nostrum sortitus claro cogo sublime tricesimus corona.,156.0,Data Engineering,85
6706701a98ac07710c36b024,Animus acies vulgivagus ad cursim amo pariatur constans ambulo.,Commodo sursum vado delibero totam tempus allatus despecto adipisci bellicus. Vespillo audacia earum curso unde reiciendis ipsum. Corona adfectus dolores vel cuppedia.,58.0,Full Stack,86
6706701a98ac07710c36b025,Terreo tamisium conturbo taceo torqueo territo brevis conatus stultus.,Administratio non attero vix. Utroque aqua dedecor ratione. Calcar defetiscor volup vester dolorum tollo utroque.,59.0,Data Engineering,87
6706701a98ac07710c36b026,Constans certe stultus dolorum acceptus amplus vitiosus chirographum.,Sumo admoveo suadeo vir culpo. Demo tergeo vorago. Super accedo fugit amplexus id carpo vix angustus.,106.0,Full Stack,88
6706701a98ac07710c36b027,Inventore voluptas aliqua spes cogo vitae quam.,Triduana cito soluta cariosus uredo. Debeo communis cui est tres tempora tamen collum torqueo vorax. Demitto ater spoliatio.,88.0,Data Engineering,89
6706701a98ac07710c36b028,Depereo maiores ullam cena.,Sumo cuius surculus cometes caritas tenus paulatim. Vinco deorsum color vespillo. Adhuc animadverto asper voluntarius cometes cuius minima solutio congregatio.,46.0,Data Engineering,90
6706701a98ac07710c36b029,Conturbo corrupti delicate aeternus aufero truculenter apostolus.,Cur stips abbas abbas cresco aurum viriliter voco. Sui ulciscor voluntarius. Attonbitus cupiditas somnus thema bibo arcesso charisma cenaculum causa.,132.0,Full Stack,91
6706701a98ac07710c36b02a,Subito soluta demitto debitis vestigium acceptus.,Cresco ante vester abeo. Tamdiu cauda vix dolorem centum pel spoliatio cornu. Succurro approbo tamisium tamisium adfero corrigo denego territo adficio clibanus.,131.0,Data Engineering,92
6706701a98ac07710c36b02b,Aggero trepide desparatus convoco.,Acidus clamo doloribus modi saepe utique damno comis vestigium ademptio. Usitas versus ad. Tenus celebrer thermae usitas autus comedo vehemens.,66.0,Data Engineering,93
6706701a98ac07710c36b02c,Pecco facilis cohaero compono sperno templum maiores verumtamen spargo tergiversatio.,Speciosus veritas desipio. Ambitus color eos tripudio vinco thesis thermae ara. Degusto patruus ventosus derelinquo.,38.0,Full Stack,94
6706701a98ac07710c36b02d,Synagoga aestus sodalitas vos vulgaris decet tyrannus.,Minima blanditiis traho ventito. Debitis venustas dolore corona. Deripio sopor amoveo accusator bibo tremo itaque.,43.0,Full Stack,95
6706701a98ac07710c36b02e,Turba vetus tandem.,Unde curis copia rem vir amplexus cariosus sopor complectus ceno. Subseco utor creta adamo. Denuncio eligendi peior supra.,163.0,Data Engineering,96
6706701a98ac07710c36b02f,Torrens triduana arcesso cupiditas demoror depereo veritas civitas.,Adfero dolore derelinquo tener. Animus conculco allatus tabernus tergeo id vulnus contabesco vaco. Ullam colo tepesco ipsum accusamus vulpes esse expedita.,56.0,Full Stack,97
6706701a98ac07710c36b030,Vir atqui saepe cras sopor.,Accommodo asporto territo depopulo adopto. Tamdiu aegrus sophismata coniecto adhuc cultellus decretum architecto vir ducimus. Timidus tabesco ustulo.,126.0,Full Stack,98
6706701a98ac07710c36b031,Vulpes crux creber ambitus viridis congregatio terminatio.,Cibo somniculosus decimus. Delinquo conculco inflammatio utrimque abundans creator quod cuius terra. Sursum thema facilis denuo cubo vespillo audeo.,154.0,Data Science,99
6706701a98ac07710c36b032,Suffoco arbustum claustrum aduro adfectus.,Creo nihil super tempora curriculum vero illum derelinquo bellicus corona. Theca amor agnosco illo deinde bonus caries somniculosus. Adsuesco quisquam earum.,174.0,Data Engineering,100
6706701a98ac07710c36b033,Suppono vomica ara armarium totam.,Molestiae ultio absque paulatim bardus amissio. Decretum tamdiu cur aliquam urbs conatus consuasor. Verbum cohaero explicabo.,153.0,Data Engineering,101
6706701a98ac07710c36b034,Quaerat solutio adipiscor supellex peccatus.,Comptus aestas et corona unde defluo quibusdam debilito uberrime. Culpa brevis dedecor corroboro bardus consequuntur creta. Tempore atrocitas volubilis terror tollo beatus contra teneo armarium.,177.0,Full Stack,102
6706701a98ac07710c36b035,Sub cernuus denique vigilo voveo arguo.,Cetera clementia accedo optio bellicus tabella delectus abeo absum centum. Subseco tamquam magnam. Video capto varius cum comitatus suasoria tantum ustulo spoliatio.,75.0,Full Stack,103
6706701a98ac07710c36b036,Credo benevolentia velociter candidus cibo tenax tot.,Eius tibi eveniet curto. Statua vel templum vado officiis. Attollo natus colo.,47.0,Data Engineering,104
6706701a98ac07710c36b037,Synagoga anser credo illo thema arx ad supellex ulciscor assumenda.,Curiositas temporibus arto vitiosus adflicto ager. Addo angustus ademptio deputo dolorem adnuo alii suscipio temporibus. Aperiam sapiente adinventitias barba torqueo vergo aeger curvo.,38.0,Data Engineering,105
6706701a98ac07710c36b038,Nulla nostrum barba degero doloremque dignissimos.,Recusandae coruscus aranea debeo curto depono verbum. Tum umbra advenio maiores suppellex abstergo antepono quisquam. Coerceo amo suasoria maiores accusantium deleniti.,49.0,Data Engineering,106
6706701a98ac07710c36b039,Vae compello complectus vinitor subito decens.,Officiis civis curtus clam aufero. Tabula convoco patrocinor aperiam arbitro. Adiuvo decipio defleo.,81.0,Full Stack,107
6706701a98ac07710c36b03a,Eos aliqua delinquo decor odit cogito.,Tumultus beneficium tero tam viriliter canto deleo adipisci. Demo pel aeger allatus cauda decumbo architecto uxor contigo tonsor. Culpa bis compono adfectus tricesimus aperte.,33.0,Data Science,108
6706701a98ac07710c36b03b,Temporibus asper arma ubi.,Dapifer sollicito corona nobis deporto addo laudantium officia abscido unde. Vobis damno rerum coruscus subseco. Pauci thesis spiritus iusto incidunt absque conculco vomer patior appositus.,46.0,Data Engineering,109
6706701a98ac07710c36b03c,Tersus anser corpus claudeo mollitia.,Derelinquo degero vester advenio voluptas aiunt beatae. Confido ara spargo minima universe tamisium canto quis tripudio. In testimonium vado truculenter basium corpus caput commodo coerceo.,104.0,Full Stack,110
6706701a98ac07710c36b03d,Cotidie talio verus temperantia calcar dolorum ascit vivo.,Depraedor tunc condico tenax socius dapifer caute eum cum somniculosus. Toties vinum temeritas video calculus pauper abscido teneo. Occaecati tyrannus civis vox tamdiu capillus aequitas depono.,142.0,Data Science,111
6706701a98ac07710c36b03e,Torqueo suscipio temeritas depulso temptatio quia nemo est.,Virgo cras tripudio patruus stips. Trepide cunctatio deorsum facere carmen. Adulescens arbor perspiciatis crastinus auxilium clarus absens addo.,56.0,Data Science,112
6706701a98ac07710c36b03f,Bonus comburo pariatur apparatus.,Caterva desparatus tum alius thymum tenuis. Architecto considero sortitus clam calculus assumenda umquam velit. Timor tergo angulus catena temporibus tenax tristis.,140.0,Full Stack,113
6706701a98ac07710c36b040,Ver vix speculum arcus sumo accendo subvenio acies urbanus magni.,Approbo spoliatio spiritus cura modi spero vitiosus aduro somnus. Charisma vester desipio thesaurus. Amplus audentia coniecto barba corrumpo.,145.0,Data Engineering,114
6706701a98ac07710c36b041,Delego cognomen patior cotidie cicuta spectaculum verus cetera.,Succurro surculus non vulgivagus comprehendo quas solus. Atqui demum claustrum triumphus voluptatibus cito cunabula. Trucido crustulum cavus argumentum comminor porro vesco bonus sed.,63.0,Data Science,115
6706701a98ac07710c36b042,Defetiscor spoliatio eos chirographum charisma.,Conturbo tripudio vito correptius bibo earum decet adduco coepi cum. Tremo vos adulescens. Ex similique tunc deleniti ars tametsi adstringo.,107.0,Full Stack,116
6706701a98ac07710c36b043,Vehemens cornu crudelis voluptatem aegrus virtus cohaero vacuus.,Adamo via aestivus alter clibanus bos cunae. Demum aggredior pecto pecto quis accommodo virga acies sono cinis. At antea uredo corroboro.,54.0,Data Engineering,117
6706701a98ac07710c36b044,Combibo admiratio suffoco.,Curo minus suasoria acceptus ipsa atrocitas vestrum. Fuga vix deleo statim admoveo. Aequitas torqueo rem culpa arbor totam paens capitulus.,177.0,Data Science,118
6706701a98ac07710c36b045,Perspiciatis arto mollitia audio sponte valetudo curtus cursus.,Velut custodia vado ter. Canis agnosco ulciscor sol. Ager vallum comes vero demulceo argentum.,54.0,Full Stack,119
6706701a98ac07710c36b046,Considero triduana speciosus tui civis vindico.,Valetudo cribro cuius id thesaurus magnam absque canis. Demitto praesentium cogito architecto. Verbum titulus spoliatio admiratio spoliatio.,141.0,Data Science,120
6706701a98ac07710c36b047,Suffoco cubo conqueror reiciendis cicuta eius verbera vir arto.,Urbs demergo comminor. Adstringo aspicio adamo delego vapulus caput cometes vesper. Cohaero usque pel atrox voluptas.,95.0,Data Science,121
6706701a98ac07710c36b048,Solus agnosco truculenter sto capitulus fugiat porro vicinus.,Defendo curo pecus verto cohors bellicus avaritia. Sursum vinco degero civitas averto carus conicio dolore. Minima adipiscor desparatus canto circumvenio tonsor animadverto.,117.0,Data Engineering,122
6706701a98ac07710c36b049,Adipisci ab sperno exercitationem maxime.,Vesica officia nostrum vester adversus minus cras videlicet. Adflicto volup advoco thalassinus. Vitium summisse alo viscus.,77.0,Data Engineering,123
6706701a98ac07710c36b04a,Alias vaco comparo vinco ipsam considero.,Solum turbo addo vetus balbus decor statua capio curriculum. Annus comminor utor cauda cupressus tyrannus. Esse ager adversus defessus tamisium.,30.0,Data Engineering,124
6706701a98ac07710c36b04b,Arbitro summa vesica celer corrumpo laborum quod.,Exercitationem ubi praesentium circumvenio crebro conspergo deleo. Tametsi talis candidus toties cilicium vito audacia sponte. Avaritia bene tutamen demulceo angulus.,61.0,Data Science,125
6706701a98ac07710c36b04c,Comprehendo cado curo aspernatur utrimque vita corrigo itaque umbra.,Clam cursus deinde aro. Admitto cupio absens hic stella ulciscor stips sumo apparatus decor. Comis vobis debilito cursim.,47.0,Data Science,126
6706701a98ac07710c36b04d,Tui synagoga cedo.,Super reiciendis cultura viduo ea usitas carcer tres eaque. Summisse balbus thalassinus optio. Inventore rerum cura.,121.0,Full Stack,127
6706701a98ac07710c36b04e,Theatrum termes aeternus vulgus tersus trans theatrum vulnero circumvenio.,Suadeo omnis porro cunabula utrimque. Excepturi denego caput defluo tergeo. Coma timor natus absque.,86.0,Full Stack,128
6706701a98ac07710c36b04f,Deduco ante curto.,Conculco crinis decet compono ambulo. Basium vomer recusandae corroboro conitor. Delibero admoneo eaque thymum.,100.0,Data Science,129
6706701a98ac07710c36b050,Commemoro admoveo tergum defluo attonbitus xiphias argentum umquam apostolus strenuus.,Aeger ver fugiat sordeo teres ustilo iure vicinus vinco desolo. Curo abscido magnam aperte vitium caelestis vigilo natus ullus. Coniuratio adduco clibanus aestus audacia tamisium studio cumque curo arx.,129.0,Data Engineering,130
6706701a98ac07710c36b051,Consuasor decumbo laborum vapulus viduo uter amitto.,Suus ars vitiosus capio. Usus creator viduo inventore comprehendo. Nisi synagoga correptius teneo ustilo quia casus curis vel.,47.0,Data Science,131
6706701a98ac07710c36b052,Acervus curso ambulo thorax.,Umquam cupiditate vomica pecto coadunatio aperiam synagoga cado. Carpo demens patrocinor carmen amoveo vestigium. Tergiversatio natus aetas verus suggero.,157.0,Full Stack,132
6706701a98ac07710c36b053,Aufero defleo amita dolor.,Accommodo dolores tardus cometes cupiditas congregatio crinis tepidus undique. Delicate defungo quisquam. Aurum accusator stultus atque.,43.0,Data Engineering,133
6706701a98ac07710c36b054,Conturbo credo consectetur adopto viscus aggredior.,Abduco aqua xiphias corpus sui viriliter. Talio voro trepide callide culpo advenio celo turbo tamen. Creta ver laboriosam casus viscus amplus defungo sono.,90.0,Full Stack,134
6706701a98ac07710c36b055,Bibo amicitia urbs volva cito pecus beneficium.,Caries amplus accusantium amaritudo aureus tredecim vestrum. Animus aspicio et cicuta conservo. Asper assentator adicio crudelis auctor tonsor.,122.0,Data Engineering,135
6706701a98ac07710c36b056,Autus sufficio ars voro.,Delinquo cunabula amplitudo defero aut verbera tandem adsum. Vesper aer adflicto corpus. Volubilis alias vinco.,71.0,Data Engineering,136
6706701a98ac07710c36b057,Abeo crapula vis tamisium similique benevolentia suspendo.,Sum cohibeo a vestrum territo cauda sono. Tempore cubo voluptatum succedo deporto amet. Peior venio adflicto.,88.0,Data Science,137
6706701a98ac07710c36b058,Adflicto volutabrum tantillus victus creptio.,Cruciamentum vir sed delectatio tumultus dolorum agnitio sapiente porro correptius. Audio damno paulatim voveo cotidie defendo allatus tenuis antiquus aequus. In talis tenax termes cras adfero adhuc agnitio vox.,110.0,Data Science,138
6706701a98ac07710c36b059,Vulpes quas aduro subvenio vergo utroque.,Tantillus tabula amita atque agnitio accedo. Denuncio certe basium velum attonbitus est tot. Aperte pauci verus terminatio teneo corona conculco.,37.0,Data Science,139
6706701a98ac07710c36b05a,Audeo voluptatem molestias apostolus tergiversatio culpo.,Spectaculum sol tamen pax vitium laborum vehemens. Armarium adeo carcer tenuis dicta cariosus conventus sponte deserunt velociter. Cunae sed nemo thesis ipsa umquam tabesco carbo.,160.0,Data Science,140
6706701a98ac07710c36b05b,Cuppedia tabernus accedo quibusdam vereor amitto.,Conqueror speculum tonsor cubitum carcer blanditiis. Tandem combibo ultra cunae cur defero adipiscor dolorum nesciunt ventus. Statim omnis dolorum defleo.,49.0,Data Engineering,141
6706701a98ac07710c36b05c,Aestivus asperiores vaco esse.,Tot spectaculum vilis corona. Textor speculum certe. Concedo studio varietas.,115.0,Data Engineering,142
6706701a98ac07710c36b05d,Tremo iste umquam comburo.,Canis somniculosus admoveo tenuis decerno. Studio ultra timidus. Demitto cunae vulariter solitudo vesco.,130.0,Full Stack,143
6706701a98ac07710c36b05e,Molestiae eaque cunae tenax odit causa avaritia acervus supra careo.,Tonsor derideo aiunt carmen ducimus sortitus ut baiulus corrigo defaeco. Accusator tergum tantum. Admoveo tantum pecus accedo cubicularis vero harum victus.,136.0,Full Stack,144
6706701a98ac07710c36b05f,Pel sui aspernatur trado cultellus cruciamentum patruus despecto cognomen.,Super sursum aetas bardus deserunt viriliter vigilo eos. Tempora suspendo addo earum bonus laborum. Atrox calculus solitudo abutor acquiro avaritia decimus astrum.,150.0,Data Science,145
6706701a98ac07710c36b060,Eveniet harum tutis.,Talis consectetur toties bibo dedico triumphus patrocinor. Vitae blanditiis nesciunt defleo tener substantia nesciunt corpus tabesco. Aetas virtus vilis suppono vado dolore consuasor tumultus asper suggero.,176.0,Full Stack,146
6706701a98ac07710c36b061,Vesco velit appono.,Amplus urbs taedium amitto confero patrocinor appositus tertius talus vos. Calco delego adficio sit avaritia. Campana amet appono concido calcar quaerat aliquam damnatio.,36.0,Full Stack,147
6706701a98ac07710c36b062,Tepesco quidem defluo vigilo adsuesco.,Copiose succedo pectus thesaurus aliquid. Curriculum torqueo voro usus delinquo varius tego. Tabella ipsa deserunt adeo celebrer tendo facere optio.,94.0,Full Stack,148
6706701a98ac07710c36b063,Supplanto cursim consequuntur.,Sulum tergo thorax terra ipsam placeat. Deludo asporto ipsa caterva cresco validus tonsor. Terra debilito blandior concido calcar territo cohibeo abundans.,35.0,Data Engineering,149
6706701a98ac07710c36b064,Suppono quam suffragium voluptate subseco appono suffragium sufficio.,Undique crudelis derideo dolor tracto vitium curatio. Ars deleo clementia cunabula vesica ago incidunt vel decretum. Trans tempora defetiscor sunt statua quam circumvenio admitto.,31.0,Data Science,150
6706701a98ac07710c36b065,Tabula adicio thalassinus dignissimos caput vestigium tibi denuo una.,Utilis approbo aliquam deduco victus vox viduo crepusculum uterque quae. Campana currus aeneus aliqua. Ait caritas numquam necessitatibus ipsa clarus thesis.,99.0,Data Engineering,151
6706701a98ac07710c36b066,Minima altus sed aliquam theca barba acceptus tempus ventito vesper.,Cicuta dolor balbus timor titulus curia atqui. Tristis suffragium amoveo crepusculum viridis basium delectus reiciendis crux. Pauci arceo depraedor.,114.0,Data Science,152
6706701a98ac07710c36b067,Cui vel comprehendo thymum defessus minus adflicto deinde canto sodalitas.,Civis at succedo caelestis impedit ascit odit ambitus concedo. Armarium ars consequatur comedo tabgo verus odio vomito cribro. Solitudo ambitus aestus ademptio.,45.0,Data Science,153
6706701a98ac07710c36b068,Cena utilis dolor venustas cruciamentum ubi conservo.,Sit titulus surgo taceo defero sum qui tergum dicta adipiscor. Terreo volubilis tristis illum velum illo facilis. Aurum sulum degenero coma decerno veniam sodalitas.,74.0,Full Stack,154
6706701a98ac07710c36b069,Causa uter decimus sulum.,Quod vox defetiscor. Antiquus viscus caecus. Celebrer ultio aureus.,139.0,Full Stack,155
6706701a98ac07710c36b06a,Ager vulgo audax vito asper tutis.,Adnuo argentum bardus ut caelum corrumpo officia. Custodia accusamus deprecator defetiscor denuo pariatur demulceo. Suscipit compono molestiae conspergo contra.,91.0,Data Science,156
6706701a98ac07710c36b06b,Statim usitas voveo adsum cognomen eaque.,Truculenter surculus vulticulus ad theatrum aspicio illo tumultus calamitas deripio. Colligo beatus cunctatio. Corpus terga carcer tero copia.,61.0,Data Engineering,157
6706701a98ac07710c36b06c,Vomica deleo cotidie contabesco incidunt.,Statua aeneus viscus arma abduco in bene inflammatio agnitio curtus. Inventore somnus angelus. Abundans cursim vulgus coniecto sumptus debitis.,176.0,Data Engineering,158
6706701a98ac07710c36b06d,Cultellus depono sublime articulus rerum terra.,Adflicto vulgo ars sol peccatus conor fuga aut. Demitto abduco molestiae decimus. Temptatio urbs caelestis decens adversus strenuus desidero circumvenio.,179.0,Full Stack,159
6706701a98ac07710c36b06e,Cogito sufficio argentum auxilium torqueo.,Sursum assumenda coma suspendo amet absorbeo. Comparo tenax tenetur adsidue aqua spiritus taedium adsidue validus. Tabella cariosus adipiscor desparatus crinis cotidie audio pariatur inflammatio.,179.0,Data Engineering,160
6706701a98ac07710c36b06f,Coaegresco stultus ea ancilla cognatus alioqui comminor cruciamentum strues solus.,Eius decimus suscipio curtus. Spero termes adhaero delectus explicabo tondeo clam. Denique ipsa appositus calcar thesaurus ver.,172.0,Data Science,161
6706701a98ac07710c36b070,Cunctatio apostolus confero eum auxilium.,Comis aut audio careo antepono attero rerum. Adsum amissio complectus vitiosus cerno sui solitudo versus textilis. Cervus ullus succurro quasi denego strues vilis blandior atrocitas sulum.,178.0,Data Engineering,162
6706701a98ac07710c36b071,Consequatur arbor laboriosam deripio trans.,Ab concido terebro admiratio defaeco. Vaco universe adsum charisma aequitas administratio. Solutio vinculum adimpleo tergiversatio terga.,145.0,Data Science,163
6706701a98ac07710c36b072,Adiuvo ipsum delego virtus.,Amplexus tremo solitudo suffragium carus temeritas accendo. Sollers adficio incidunt conduco depraedor. Eveniet tertius id sollicito tenetur.,68.0,Full Stack,164
6706701a98ac07710c36b073,Vilicus totidem culpa statim.,Vorago vaco autus autem cedo defluo spoliatio. Accusamus surgo coniecto auxilium comminor in impedit supellex. Aliquid adficio claustrum anser videlicet tergum quasi velut vulnus timor.,61.0,Data Engineering,165
6706701a98ac07710c36b074,Quo beatae molestiae deduco id studio utroque.,Adulescens itaque addo paulatim voluptatem aegrotatio dens. Articulus spargo suggero voco ultio. Creator versus vobis suppono.,58.0,Data Engineering,166
6706701a98ac07710c36b075,Demo anser vespillo vorax balbus bos aufero tutis quod.,Circumvenio delego tutis adopto sapiente alioqui. Succedo tergo curso reprehenderit apostolus acervus animus id. Verecundia sed cedo libero tolero quibusdam calcar tunc amplitudo spargo.,106.0,Data Science,167
6706701a98ac07710c36b076,Tristis venia explicabo deprimo.,Culpa coniuratio undique vinculum nam celo casus. Textus amet asporto arma talio vulpes abscido. Dicta viscus terminatio subnecto depopulo.,127.0,Full Stack,168
6706701a98ac07710c36b077,Caste cervus dolore coepi angustus commodi pel.,Aperiam video ubi. Verus arma repellendus atqui cubicularis. Claustrum vicinus aqua reprehenderit.,147.0,Data Science,169
6706701a98ac07710c36b078,Tenax crepusculum ipsa similique surgo trucido animus demonstro.,Ducimus abbas crepusculum decipio. Excepturi sursum substantia apostolus audacia vetus charisma. Nostrum coerceo auditor vitae sumptus.,161.0,Full Stack,170
6706701a98ac07710c36b079,Canis trepide tibi nulla velut talus certus vinculum textus.,Tenuis ascisco tenus contra. Utpote aer caste. Tenax aqua angustus delibero statim.,162.0,Data Engineering,171
6706701a98ac07710c36b07a,Quae adduco caute solitudo tempus totidem crudelis valetudo timor.,Taedium est carcer campana perferendis aestus. Adhaero aeternus absens victoria amita crux quas vespillo. Textilis quod quod tendo aestus altus absorbeo iusto adsum cena.,82.0,Data Engineering,172
6706701a98ac07710c36b07b,Quibusdam defendo cilicium.,Ars desparatus cilicium officia ad coepi velociter. Catena aer volva agnitio sustineo defessus verecundia. Auditor astrum terra laboriosam virgo solus audax ver quasi ager.,52.0,Full Stack,173
6706701a98ac07710c36b07c,Arbor porro illum creta annus acquiro utor atavus.,Comprehendo coruscus claudeo. Viridis repudiandae adipisci tardus clam cetera venustas rerum. Depopulo sonitus decipio dolore textor tabesco.,57.0,Data Engineering,174
6706701a98ac07710c36b07d,Fuga certe cura soleo officia.,Autem confero considero approbo. Uredo corona consequatur adflicto vallum. Annus defessus spiritus civitas adhuc.,90.0,Data Science,175
6706701a98ac07710c36b07e,Tardus quae teres iste administratio repudiandae trans sit adhaero apparatus.,Valetudo tamen cupiditate conventus amplus alioqui doloribus. Vero versus accedo. Alii volva utrimque tenuis suppellex urbs vicinus aperiam uterque.,84.0,Data Science,176
6706701a98ac07710c36b07f,Aduro ara arma.,Pauper valde vulnus tum vorago vitium bibo bonus tametsi tunc. Cubicularis certe pecto excepturi uter peccatus. Titulus ceno canonicus tantum uxor adicio.,169.0,Data Engineering,177
6706701a98ac07710c36b080,Concedo neque aperiam.,Victoria tactus careo calculus corrumpo acervus cenaculum impedit claustrum. Sublime volo tergo somniculosus viscus ago sui. Voco vulgaris attollo umbra tergo certus sto arbustum umquam.,34.0,Full Stack,178
6706701a98ac07710c36b081,Tandem blanditiis adsum admitto molestias vicissitudo.,Acervus tantum ante versus aequitas. Aggero derideo modi vir suffoco bos clarus. Absconditus deleo solio usitas solio nisi turbo tenax.,56.0,Data Science,179
6706701a98ac07710c36b082,Thema cupio desidero censura sponte cibus caput cena tubineus enim.,Voco degero venio viscus strues comparo demergo sunt administratio. Vitiosus carmen aestus depulso templum bonus stella asper aspernatur dignissimos. Volo nemo ater beatus cuius thymum.,96.0,Data Science,180
6706701a98ac07710c36b083,Cupiditas vacuus ratione amet aestivus vorago sollers.,Vindico stella caelestis cunctatio coepi thesis ubi trado quam velociter. Dedecor strenuus absum turbo caelestis nesciunt. Cultellus bellicus tribuo sui aspernatur combibo.,63.0,Full Stack,181
6706701a98ac07710c36b084,Tantillus aliqua apto abutor cognomen.,Caute stabilis urbanus surculus. Explicabo undique substantia audeo terra spectaculum sortitus denique. Aiunt curo ducimus color calculus arx derideo adversus occaecati suffoco.,180.0,Data Engineering,182
6706701a98ac07710c36b085,Catena arguo cupiditate angelus videlicet civis eligendi.,Terga audeo amor turba anser. Cibo vomica porro textor acidus creator. Impedit solium abduco temeritas turpis angustus.,167.0,Full Stack,183
6706701a98ac07710c36b086,Tergum subito sufficio reiciendis celo via temporibus venio degero asper.,Vaco tutamen audentia. Ex utroque suadeo tribuo vicinus autus arto tergiversatio aequus decet. Vulnus tunc deprecator aurum.,179.0,Data Engineering,184
6706701a98ac07710c36b087,Audio ustulo deserunt conforto delectatio theologus officiis tripudio undique conatus.,Illum excepturi decor tribuo depereo cohors varius a. Fuga aestus impedit conscendo subseco. Trepide baiulus trepide umerus vaco aestivus testimonium solum.,124.0,Data Engineering,185
6706701a98ac07710c36b088,Ante crastinus vinculum solutio molestiae collum suspendo corrigo laudantium aro.,Solium sufficio venustas. Admoneo tracto patior clarus agnitio. Depraedor esse abscido crustulum ver deludo venia accusator condico.,66.0,Full Stack,186
6706701a98ac07710c36b089,Quas maxime antea uxor decipio deprecator quisquam totus volva eligendi.,Certe creo arx. Calco audeo vel surgo. Cetera turpis solutio comminor vae canis vester vivo asperiores.,85.0,Data Science,187
6706701a98ac07710c36b08a,Volaticus patria admoneo totam termes.,Vulgo bardus thorax. Adhuc talis amor attollo dolor attonbitus aliquid cotidie. Aptus adduco qui amitto totidem quia esse angelus.,107.0,Data Science,188
6706701a98ac07710c36b08b,Confido quod tibi vinculum carus.,Demum canto aer. Alioqui tondeo coepi toties quia conspergo. Amiculum corporis triduana laudantium comprehendo solitudo comis doloribus culpo communis.,154.0,Data Science,189
6706701a98ac07710c36b08c,Natus dedico spoliatio a cunabula soleo.,Alias decens suppellex inflammatio vetus desidero quis. Patior undique facere unus. Argentum distinctio sit assentator spiritus.,140.0,Data Engineering,190
6706701a98ac07710c36b08d,Solio vestigium balbus dens.,Varietas peccatus subnecto vulticulus triumphus texo distinctio somnus armarium. Concido corpus substantia succedo utor unus absconditus thymbra. Subito sapiente allatus articulus cognatus tepidus creo.,66.0,Full Stack,191
6706701a98ac07710c36b08e,Cimentarius casus ambulo ver tamquam caveo nihil quaerat conatus vulnus.,Cupiditas solum color baiulus considero aperio. Sono cernuus strenuus adsuesco alienus crux spoliatio vereor turbo. Patruus et inventore neque.,54.0,Data Science,192
6706701a98ac07710c36b08f,Sed fugit tui officiis.,Cohaero infit corrupti cupiditas currus ater addo capitulus defessus. Vetus tristis tergiversatio tonsor vergo cunctatio deputo tepesco eos confero. Cupio adaugeo perspiciatis campana aliqua termes aegre urbanus canis depopulo.,165.0,Data Science,193
6706701a98ac07710c36b090,Vinco uredo sunt sequi admoneo statua desolo solitudo cenaculum totam.,Aggero argumentum surculus corrupti accusantium sollicito summopere. Nostrum accendo cresco. Studio cultura auctor.,147.0,Data Engineering,194
6706701a98ac07710c36b091,Tantillus maxime defendo conturbo eligendi spes vox catena statim placeat.,Cupressus corrupti uredo cubitum. Reprehenderit capio eaque. Celo atrocitas bardus demens deleniti.,67.0,Data Science,195
6706701a98ac07710c36b092,Dolore callide valetudo consectetur.,Amor vulgo amet sordeo clam laborum. Coadunatio clam adsidue certus verumtamen testimonium acer volup coepi. Convoco defero coniuratio deripio annus callide trucido.,95.0,Data Engineering,196
6706701a98ac07710c36b093,Ventus fugit curia tremo.,Acceptus arceo odio desparatus cupiditas illo aperte arcesso abeo quidem. Deripio dapifer suffragium. Ambulo terebro vacuus vere tersus.,108.0,Full Stack,197
6706701a98ac07710c36b094,Claustrum crur triumphus approbo id vere.,Creptio attero decerno cuius. Vulnero copia cupressus beatae copiose paens adulescens assumenda. Utrum curiositas sui attollo audax celebrer degenero.,107.0,Data Engineering,198
6706701a98ac07710c36b095,Suggero deduco alienus.,Dolorum sui caveo commodo universe pauper acsi ultio soluta adulatio. Cilicium tutis adipiscor vulgo praesentium appono officiis versus. Voro thermae conicio attonbitus commodi esse.,50.0,Data Engineering,199
6706701a98ac07710c36b096,Cras terminatio veritatis.,Tactus taedium approbo tergeo. Amplexus denuncio acquiro tabernus cribro sursum acervus cubo non adimpleo. Voluptas validus caecus corpus deficio auctor.,65.0,Data Science,200
6706701a98ac07710c36b097,Aliquid aurum porro certe sodalitas desidero vomica.,Decor theologus in depono acidus abeo aeneus. Ambitus angelus unus veritas repellendus aestivus debeo turba. Quos eius ars tabula.,159.0,Full Stack,201
6706701a98ac07710c36b098,Dapifer tempore vomer facilis.,Cruentus caput coniecto cultellus cognomen tero curriculum. Volutabrum cicuta decet. Adficio statim admoveo colo suffragium rerum.,114.0,Full Stack,202
6706701a98ac07710c36b099,Contigo cunae tyrannus.,Tabgo substantia crustulum. Conicio canonicus colo tutis amo angelus catena degusto caelum viridis. Ustulo varietas confero et tabesco suffragium crur amo thema confido.,152.0,Data Science,203
6706701a98ac07710c36b09a,Turba decretum cursim.,Ante avarus avarus bonus quasi terminatio capitulus tredecim. Assumenda uberrime virgo vallum defaeco consequatur delicate bestia peior sit. Nostrum viscus dens charisma.,118.0,Data Science,204
6706701a98ac07710c36b09b,Alienus ara vestrum stipes.,Tergum vilitas antea arto tutis coma titulus. Somniculosus tamisium vorax. Aureus denique similique quo terror deporto annus.,156.0,Data Science,205
6706701a98ac07710c36b09c,Eius coniecto audio titulus quidem adeptio depulso amissio.,Virgo suspendo villa agnosco animi. Argentum cavus aeternus crapula vacuus trucido causa. Vitiosus nesciunt substantia speciosus demulceo tam tantillus.,89.0,Full Stack,206
6706701a98ac07710c36b09d,Chirographum ceno arbustum verto adulescens odio ultra demulceo dolores.,Cum curvo aperio adipisci decipio uterque absorbeo tantillus succurro voluptas. Verus voveo aranea aliquam socius. Templum incidunt condico ultra solitudo reiciendis censura verbera.,37.0,Data Science,207
6706701a98ac07710c36b09e,Amplitudo venio aqua congregatio degero depopulo.,Trucido vulticulus acquiro. Titulus curatio vesper. Creber suppono cohaero truculenter.,42.0,Data Engineering,208
6706701a98ac07710c36b09f,Theatrum pauci vero apparatus antiquus.,Crastinus adamo coniecto velit. Testimonium totidem thesaurus cuius aegrotatio viridis acies deporto studio. Contra crustulum natus adhaero ademptio acceptus claudeo caelestis vulnus.,51.0,Data Science,209
6706701a98ac07710c36b0a0,Cursus coepi ustulo optio deporto.,Vesco verbum ambulo dignissimos absque coerceo utrum curvo una animi. Tabesco ait cubo creber degenero trucido vos atavus casus. Vulnero adamo demoror.,50.0,Full Stack,210
6706701a98ac07710c36b0a1,Speculum argumentum omnis trepide.,Molestias tersus sufficio vulgo trans depereo ventosus commodi cribro conitor. Tertius surculus tardus bellum desino velum. Corporis cur capto admiratio cras ventus crapula coadunatio versus.,68.0,Full Stack,211
6706701a98ac07710c36b0a2,Aedificium articulus ascit ter umbra timor curvo aequus advenio accommodo.,Argentum votum cedo decimus uterque. Barba doloribus minus vinco demitto comptus. Est sumptus defaeco adeptio attonbitus audacia adsidue crur ver.,49.0,Data Science,212
6706701a98ac07710c36b0a3,Corroboro temeritas cattus spargo impedit defessus adsum consectetur uxor.,Non nesciunt assentator omnis vulnus tego consequuntur concedo. Atrox delego veniam vitium. Eius architecto vetus alii comes absque.,87.0,Data Science,213
6706701a98ac07710c36b0a4,Asper abstergo cilicium curso decet copia.,Triduana trado validus ullam absconditus stipes texo. Cubo tantum umbra tergo aeneus adamo teres demo dens. Pectus deputo ustulo aeger constans delego tantum veniam.,105.0,Data Engineering,214
6706701a98ac07710c36b0a5,Recusandae venustas avarus solum.,Veritatis varietas allatus vel valeo. Alter causa strenuus cogito censura. Avarus tum bos carmen demonstro.,173.0,Data Engineering,215
6706701a98ac07710c36b0a6,Vestrum altus crastinus cattus.,Vindico ceno demitto demo cado. Crebro degenero cras considero benigne compello accommodo claudeo acies. Viriliter appello claustrum blanditiis reiciendis ustulo aufero velum cerno.,94.0,Full Stack,216
6706701a98ac07710c36b0a7,Comedo alo abscido.,Placeat vir acceptus careo accusamus canonicus accusamus certus pax. Impedit porro cubicularis. Sui coniuratio statim aperiam administratio comes sint sustineo non rem.,90.0,Data Engineering,217
6706701a98ac07710c36b0a8,Barba demoror utrimque illum termes bellum adflicto.,Decet dolorem quidem amicitia via sortitus. Strenuus ars censura. Nesciunt ambulo exercitationem quos.,158.0,Data Engineering,218
6706701a98ac07710c36b0a9,Harum degenero angulus vilitas.,Annus vinco vix vulticulus crudelis xiphias avarus adaugeo audax. Verbum volaticus conculco tristis deprecator verto. Solvo vito chirographum stillicidium apud concido theca vaco ultra.,138.0,Data Engineering,219
6706701a98ac07710c36b0aa,Copia verto tantillus ocer contra avarus stips ager alo.,Cohaero uxor desparatus curso cogito commodi casso minima vulgaris decens. Apto audax ultra spero voveo capio. Crepusculum sonitus voveo labore.,51.0,Full Stack,220
6706701a98ac07710c36b0ab,Arbustum vinco demergo succedo cometes suppellex aer pectus.,Absconditus laboriosam agnosco rerum cornu tabella tantum cedo vis tunc. Cedo tondeo curto tripudio deduco. Demonstro nisi cupiditate adduco deinde utroque tabula.,177.0,Full Stack,221
6706701a98ac07710c36b0ac,Territo cupiditate utique carmen urbs vociferor defaeco.,Versus aurum deduco tripudio turba concedo. Vomer advoco terror currus coma depromo valetudo tardus. Arcesso tribuo cur.,166.0,Data Engineering,222
6706701a98ac07710c36b0ad,Totidem patrocinor hic.,Suadeo toties corona rem trucido porro acervus alienus arto debitis. Commodo sollicito verbum culpo volutabrum. Defetiscor quis sollers cito peccatus calculus speculum.,159.0,Data Engineering,223
6706701a98ac07710c36b0ae,Dolorem quae correptius demens.,Tremo talio deserunt maiores contigo strues vito sordeo. Approbo ipsam reiciendis condico cubitum delectatio aqua eaque vobis. Ultra tempus natus deorsum.,119.0,Data Science,224
6706701a98ac07710c36b0af,Alius distinctio minima.,Spectaculum aranea coniuratio vestigium derideo thorax. Cometes deserunt impedit tollo totus calamitas. Volva vulgo comedo super deficio claudeo coniecto tergum.,52.0,Data Science,225
6706701a98ac07710c36b0b0,Depraedor curso eum canis virgo spiritus.,Ulciscor atqui aperiam caste adeo caterva verecundia administratio. Cursus attero deprecator. Crepusculum decimus circumvenio accommodo mollitia averto aqua.,54.0,Data Engineering,226
6706701a98ac07710c36b0b1,Audeo depereo absens umerus.,Ea somniculosus tepidus ultio ocer. Decipio sponte aptus abbas textus abutor. Timidus voluntarius bis adulatio stillicidium tendo utroque.,102.0,Data Engineering,227
6706701a98ac07710c36b0b2,Casso validus maiores decretum combibo decimus sponte tametsi capto.,Defero hic tenetur tubineus cum depereo. Spiculum sollicito patria claustrum arca collum consequatur ustulo solvo auditor. Coma amoveo celer crapula trans advoco.,93.0,Data Science,228
6706701a98ac07710c36b0b3,Aegre tribuo voro depraedor ipsam defleo conatus verecundia aer.,Maiores acquiro audeo carcer. Varietas cariosus suffragium vulariter vacuus decerno. Autus fugiat tenuis contigo blanditiis venio.,84.0,Data Engineering,229
6706701a98ac07710c36b0b4,Tergeo tamdiu utpote tepesco tandem sint solitudo esse amissio.,Tener aequitas quasi adipisci tantillus degenero cumque. Audeo altus succedo supra. Aeger campana quae tabgo placeat adulatio ocer.,52.0,Data Engineering,230
6706701a98ac07710c36b0b5,Balbus deleniti comedo contego sonitus pecto utrimque constans id abduco.,Delinquo trado degusto ventus thesis minus deprimo appositus celebrer. Volva trepide voluntarius teres apud stabilis adulatio crustulum statim convoco. Comminor cogo coaegresco cultellus veritas adamo.,178.0,Data Science,231
6706701a98ac07710c36b0b6,Creator voluntarius patrocinor sint capio demo cognomen supra.,Tenax vehemens tondeo natus natus dignissimos deprimo. Absum abduco distinctio expedita sordeo. Degenero recusandae argumentum claro concedo celo tamen clibanus harum.,97.0,Data Science,232
6706701a98ac07710c36b0b7,Apparatus capio derideo contra curia administratio talis.,Sopor claro cupio tabesco tutamen volaticus tersus conicio aurum. Adipiscor carmen demonstro turpis tendo sub voco. Debitis utroque casso conventus abundans delectatio antepono.,76.0,Full Stack,233
6706701a98ac07710c36b0b8,Suadeo cupiditas suus tametsi una ait callide.,Absum quas tabesco coadunatio temperantia demulceo. Curso porro altus turba curiositas suppono valens vulnus clarus pauci. Agnitio somnus correptius.,126.0,Full Stack,234
6706701a98ac07710c36b0b9,Demum alienus argumentum aro ut praesentium assentator subiungo.,Tubineus adipiscor tempora tabesco cornu sonitus. Cito omnis perferendis depromo tametsi super agnitio vespillo adeptio velum. Enim debilito illo demitto cruciamentum.,172.0,Data Science,235
6706701a98ac07710c36b0ba,Conduco adsidue tonsor id.,Claudeo terebro depono. Umquam atavus minima tyrannus confero tondeo advoco socius. Sortitus tonsor amor succurro coaegresco cursim virga abstergo quaerat.,65.0,Data Science,236
6706701a98ac07710c36b0bb,Agnitio vilicus ea angulus textilis talus depopulo eius cinis.,Ipsam attonbitus laborum vado cui. Assumenda aspernatur crapula. Chirographum deduco coma sophismata velociter inflammatio.,80.0,Data Engineering,237
6706701a98ac07710c36b0bc,Basium appello clam tunc solitudo.,Volva damno atavus aut tremo tergiversatio currus. Carpo perspiciatis crebro umquam celebrer nulla auxilium. Deporto cena blandior vehemens capto patruus despecto arcus ver saepe.,112.0,Full Stack,238
6706701a98ac07710c36b0bd,Quo chirographum spero.,Vulgo summa curo conscendo consectetur astrum solus. Stips ager ater cohors sunt magni conservo arx ultio vesco. Cado vigor curo argumentum compono.,104.0,Full Stack,239
6706701a98ac07710c36b0be,Coadunatio vomito antea repellat defessus cavus peior carmen labore.,Veniam agnitio terga argumentum. In auctus depulso administratio itaque nobis usque. Acidus defendo coaegresco acceptus.,176.0,Full Stack,240
6706701a98ac07710c36b0bf,Veritatis ventus eaque abstergo canis colligo.,Sapiente accedo trepide comes articulus. Minima spero cunae iste tribuo. Magnam absum ascit arbitro ea ducimus depraedor aro.,45.0,Data Engineering,241
6706701a98ac07710c36b0c0,Carpo vito arguo curiositas animi distinctio eum suadeo provident.,Assentator ultio optio trado voro excepturi audeo derelinquo vobis. Enim vitiosus volup ventus avarus. Abutor cunae usus vulnus vel audio audentia cultura arbustum summopere.,44.0,Full Stack,242
6706701a98ac07710c36b0c1,Crinis suus confugo confero corrigo.,Curis vespillo deludo. Recusandae torrens tubineus architecto vespillo delectus. Utor stabilis argentum accusamus cras decretum curiositas.,92.0,Full Stack,243
6706701a98ac07710c36b0c2,Virtus super tamisium voluptatem quaerat quibusdam aggero pecco currus turbo.,Verbera dolorum explicabo. Audio cilicium magnam ex. Umquam atrox celebrer porro.,174.0,Data Engineering,244
6706701a98ac07710c36b0c3,Comparo sum curso amet ademptio totam.,Distinctio baiulus tertius abstergo sed quas. Tempore vulnero calculus cursus reprehenderit tego vinum. Causa accendo facilis cubitum xiphias sustineo catena comitatus.,123.0,Data Engineering,245
6706701a98ac07710c36b0c4,Sapiente adduco vilis collum.,Uxor eveniet nesciunt. Tergo perspiciatis nulla adipisci utrimque accusantium agnitio similique quia demergo. Animus casso illum aestas dolorem tonsor aequus.,166.0,Data Engineering,246
6706701a98ac07710c36b0c5,Cilicium cattus accusator vitae esse vado stillicidium.,Thalassinus aspernatur voluntarius articulus apparatus pecco. Cursus vallum annus totidem repellendus tollo chirographum cerno amaritudo. Surgo aurum peccatus aperte centum texo.,96.0,Full Stack,247
6706701a98ac07710c36b0c6,Degusto ait tantillus quidem.,Deduco vulpes corroboro cervus uterque tepidus. Ventosus tabella vos. Acerbitas turpis aeger neque enim.,99.0,Data Science,248
6706701a98ac07710c36b0c7,Audentia suffoco comes temptatio suspendo canto capto admiratio varietas absens.,Umbra tersus caste vulgaris confido sodalitas. Administratio sit aperiam. Sollers conturbo magni.,148.0,Data Engineering,249
6706701a98ac07710c36b0c8,Comptus vae ventosus contra artificiose possimus comminor.,Ascit apostolus avarus terror terga baiulus decipio corpus. Audacia utor triduana condico deripio turpis infit tenax attero comes. Capitulus voveo copiose urbs.,95.0,Full Stack,250
6706701a98ac07710c36b0c9,Vesica communis cena at adsum atque.,Capto varietas accusator. Sperno angelus uredo alveus creptio. Sto pecto arbor vigor attero advenio ver.,131.0,Data Science,251
6706701a98ac07710c36b0ca,Vigor admoveo conscendo sol audentia.,Incidunt bellum vestigium ocer adflicto sollers termes caute amet. Curo solio balbus. Comitatus cur subito.,109.0,Data Engineering,252
6706701a98ac07710c36b0cb,Saepe ad tabgo cumque anser subnecto desipio cotidie capto.,Laborum tamquam carbo adamo conicio tego ultio. Quos aequus est tertius veniam varius. Hic pel pax vilitas mollitia amo vos.,63.0,Full Stack,253
6706701a98ac07710c36b0cc,Assentator cito absorbeo vinum coerceo desino crepusculum.,Concedo facilis theologus amplitudo. Auditor calco laboriosam comburo ullus tibi. Corrumpo carmen dedico corrigo vito accedo.,154.0,Data Engineering,254
6706701a98ac07710c36b0cd,Ago timor corrigo.,Mollitia inventore amicitia utpote tabula volo denuncio. Damnatio copia triumphus canis stips cupressus cursus capitulus possimus suasoria. Amplus adaugeo timor creta.,167.0,Data Engineering,255
6706701a98ac07710c36b0ce,Textilis aspicio celo denego.,Temptatio cultura artificiose. Casus tempore tibi avarus tendo colo facilis. Vespillo auctor rerum admitto adsuesco capitulus caput.,75.0,Data Engineering,256
6706701a98ac07710c36b0cf,Tempus super dolores deporto facere vallum arceo audax stipes tantillus.,Aspernatur adamo toties terra. Caute spiculum sono harum corroboro. Eligendi ustilo amoveo.,141.0,Data Science,257
6706701a98ac07710c36b0d0,Cogito uredo defaeco spectaculum turpis tamdiu.,Illo vulgo voluptate ustulo. Deleniti crudelis complectus. Vomito cetera sum termes solum suggero.,118.0,Data Engineering,258
6706701a98ac07710c36b0d1,Auditor distinctio vorago a sollicito varius sto tactus cattus ceno.,Quia undique arceo illum conventus theca crux. Decumbo debilito deripio conatus antea victoria delego cura. Ventosus tepidus vomito deficio tyrannus clam a.,102.0,Data Engineering,259
6706701a98ac07710c36b0d2,Adhaero verumtamen cribro tenax allatus beatus.,Absum deorsum viriliter ver tamquam auditor patior pecus utique error. Vallum thema animus substantia victus. Spargo atqui validus tempus iure aequitas cruentus demonstro cotidie deputo.,75.0,Full Stack,260
6706701a98ac07710c36b0d3,Vestrum molestiae crinis vos nostrum.,Voluptas vado aperio torrens tutis alius tergeo. Arbitro angulus carcer cubo cinis cognomen caritas sequi. Cura utique exercitationem accusator antea vix agnosco truculenter.,149.0,Data Science,261
6706701a98ac07710c36b0d4,Apto vulariter volaticus perferendis desparatus color vilicus.,Vitae acer sub tego culpo angelus. Vinum voluptatem combibo pauci iste autus tener admiratio subseco deputo. Voco uredo arma patrocinor carcer.,32.0,Data Science,262
6706701a98ac07710c36b0d5,Aetas comprehendo delectatio delectus ciminatio crinis corroboro aequitas animi.,Spargo culpo amplexus volutabrum tabula admoveo doloremque colo auditor sto. Tum vomer turbo sub ait blandior territo nisi usus. Umbra votum stips defungo cubicularis abeo.,169.0,Data Science,263
6706701a98ac07710c36b0d6,Adipiscor volaticus certe sollers.,Id apto crudelis temptatio auctus labore casus peior. Tracto corporis quis alioqui. Tergiversatio ventosus truculenter umbra voro asper clarus quam beatus.,73.0,Data Engineering,264
6706701a98ac07710c36b0d7,Vir verus apto.,Aliquid voro aer tertius aspicio curso sollicito ratione cognomen. Bene uterque comburo adsidue adaugeo. Ex clibanus ventus vestrum arguo clam cura.,148.0,Full Stack,265
6706701a98ac07710c36b0d8,Tubineus esse aliqua substantia sol armarium aveho.,Voluptatibus usus stillicidium culpo arceo ciminatio nulla sumptus varietas. Desolo attero pax carus arx beatus certe vulgaris audeo subseco. Cauda officiis nobis possimus vulariter subnecto aedificium traho tabernus.,177.0,Full Stack,266
6706701a98ac07710c36b0d9,Coruscus consequatur ambulo subseco teres villa conduco valens carbo videlicet.,Coadunatio stillicidium tunc universe decens circumvenio usitas crux. Officia velut odio. Somnus uter tam comprehendo terminatio dignissimos velociter verus artificiose depromo.,76.0,Full Stack,267
6706701a98ac07710c36b0da,Charisma abutor ascisco absorbeo denuncio.,Ante vilis bene vestrum crastinus atrox. Vel varietas abscido ratione autus. Denuo sodalitas degusto temporibus appello antepono canto.,163.0,Data Engineering,268
6706701a98ac07710c36b0db,Arca decumbo corpus via adulatio volva solus suadeo necessitatibus dolor.,Cum articulus officiis spargo id conforto sapiente arto. Angelus venustas amplus nam torrens rem eveniet ustulo. Cupiditas sustineo urbs surculus valetudo textilis curatio cicuta.,148.0,Data Science,269
6706701a98ac07710c36b0dc,Certe corpus vulnus sumo congregatio animi soluta teres.,Cohaero excepturi advenio sol aro approbo verecundia facere cunabula. Ab aspicio blandior calco cura votum. Sustineo spoliatio sto amplexus barba solum advenio molestiae aeneus canto.,171.0,Data Science,270
6706701a98ac07710c36b0dd,Suppono vesper subvenio vero capio suspendo desidero pariatur.,Sursum convoco alveus velociter adhuc vomica apud avaritia textilis adimpleo. Maiores terror defessus vitae creta dolore tempora cunctatio umbra conduco. Denuncio ab vel cilicium corrigo adnuo ipsam voluptate eum civis.,136.0,Full Stack,271
6706701a98ac07710c36b0de,Tondeo utpote textus a dolorem conqueror caelum clam suasoria non.,Ante culpo venustas tenuis. Audio sursum strenuus suus infit capillus tabella valeo. Arca copiose celo dapifer vitium depono claudeo.,77.0,Full Stack,272
6706701a98ac07710c36b0df,Articulus comptus culpa.,Cupiditas cinis aiunt comburo repudiandae compello eligendi nostrum. Degusto agnitio considero antea altus. Celo vulariter cado nisi reprehenderit civitas vigor vester.,65.0,Data Engineering,273
6706701a98ac07710c36b0e0,Apud dens absens.,Vulariter caput attero combibo caries conicio subiungo harum crinis barba. Quo surculus crastinus amicitia velum. Numquam sodalitas venustas.,117.0,Data Engineering,274
6706701a98ac07710c36b0e1,Paens tersus admoveo umquam quidem derelinquo cenaculum turpis.,Hic desipio aequitas aer. Corona curo torqueo ocer vehemens confido quae decipio. Absum abeo sodalitas derelinquo barba assumenda cultellus.,180.0,Data Engineering,275
6706701a98ac07710c36b0e2,Deleniti videlicet thymbra clam acer argumentum benigne aequus.,Arbor consectetur bestia apostolus conor. Dapifer dicta hic cogito curiositas. Cometes degenero curatio vado.,42.0,Data Engineering,276
6706701a98ac07710c36b0e3,Crapula spoliatio coma decretum stillicidium cui altus baiulus testimonium urbs.,Pel strenuus ab ratione deporto arbustum. Ait avaritia alioqui audentia. Bos stillicidium cruentus denego clementia vesco.,56.0,Data Engineering,277
6706701a98ac07710c36b0e4,Suppono conventus libero.,Corrumpo pauci saepe turbo addo canonicus ademptio ater spes. Colo adinventitias cupiditate tyrannus calculus viridis comitatus curia timidus copia. Confero tertius adiuvo torqueo corporis umerus degenero claustrum civitas thorax.,33.0,Full Stack,278
6706701a98ac07710c36b0e5,Conicio est canonicus consuasor calculus.,Totidem celebrer cursus claudeo vos terra appello audacia crinis. Celo aeneus aspicio uberrime torrens claustrum desipio vulnero terreo. Fuga depraedor aequitas suadeo stella atrocitas.,47.0,Data Engineering,279
6706701a98ac07710c36b0e6,Theologus velut calco aeger dicta.,Considero comptus officia audacia voluptatum vespillo solvo defetiscor in. Usitas clibanus adduco debitis altus subiungo sto voco. Tyrannus averto coerceo calco contabesco.,97.0,Full Stack,280
6706701a98ac07710c36b0e7,Appello patruus curis verbera crudelis reprehenderit curriculum torrens cedo commodi.,Acerbitas usus possimus collum assumenda careo civitas. Temporibus decor tergeo quidem arcus cum. Uterque abbas culpo umquam allatus earum voluptate defessus cenaculum cervus.,55.0,Data Engineering,281
6706701a98ac07710c36b0e8,Volup tredecim deprecator blanditiis dolor.,Cimentarius cui damno sub. Socius totus adflicto ulterius tutis. Sto perferendis cicuta officia.,119.0,Data Engineering,282
6706701a98ac07710c36b0e9,Defungo cupiditate at totus quaerat defungo.,Urbanus curia speciosus tutamen delicate magni triumphus surgo sto. Est pax sonitus colligo alo. Blanditiis pauci benevolentia ubi aiunt teneo subseco sub.,34.0,Full Stack,283
6706701a98ac07710c36b0ea,Sumo curto spiritus ago absorbeo vinculum comis contabesco vomica cribro.,Defluo sto provident. Statua utrum ventito adeptio vomito umbra tenax spargo crur comitatus. Adiuvo amita accusantium aer arma bestia ager trucido.,103.0,Data Engineering,284
6706701a98ac07710c36b0eb,Vilis culpa tantum unus caput suasoria.,Paulatim talus facere cunctatio curatio contego. Tyrannus unus ex depraedor. Id sperno vorago tepidus cuppedia ipsam.,156.0,Data Science,285
6706701a98ac07710c36b0ec,Harum admoneo subseco coniuratio turba subito.,Tantum tumultus dedico recusandae ratione a. Vinco dens totam depulso tabella. Spargo architecto defleo delego aro beatus sint.,31.0,Data Science,286
6706701a98ac07710c36b0ed,Conatus vetus defungo aduro nemo corrupti molestiae.,Caterva nihil venio aurum. Commodo quibusdam sui bardus ventosus qui arbitro auctus. Tepesco testimonium bos sui acer suppellex sto voro tristis fuga.,137.0,Data Science,287
6706701a98ac07710c36b0ee,Abscido deludo tabernus vetus caelum capio ante cubicularis alveus civis.,Uxor repellendus versus depereo ocer celebrer tripudio apto optio recusandae. Exercitationem deinde curo admoveo aveho sunt amita verbera tenuis. Amplexus velit amoveo.,33.0,Data Engineering,288
6706701a98ac07710c36b0ef,Claro succedo coniuratio corpus dolor deleniti delectus sollicito vinco aveho.,Aetas voluptates curatio. Appello claustrum totus arma unde amet totam spectaculum vulticulus. Benevolentia cena minus texo nesciunt acsi.,75.0,Data Engineering,289
6706701a98ac07710c36b0f0,Averto hic cubo vae studio vorago curtus antea sollicito utilis.,Eligendi calcar custodia deduco cohibeo. Spargo depulso repellat ipsam sortitus admitto excepturi claro ducimus. Vinculum accendo veritas.,85.0,Data Engineering,290
6706701a98ac07710c36b0f1,Decretum decretum deficio deripio enim.,Provident antepono sono conqueror depereo audacia caput. Versus turpis degenero censura cura suggero corpus damnatio ceno decet. Socius altus nesciunt agnosco deprimo corrupti assumenda audeo cimentarius consequuntur.,128.0,Full Stack,291
6706701a98ac07710c36b0f2,Comminor appositus aegrus crinis fugit arbustum defaeco.,Addo decerno quaerat deleniti aetas sulum sulum adiuvo. Cultura veritas inflammatio debitis uberrime vehemens absconditus. Vix ratione cras eum sulum turpis videlicet constans traho.,85.0,Full Stack,292
6706701a98ac07710c36b0f3,Vicinus aegrotatio tam atavus cariosus venustas tremo terebro.,Truculenter collum corroboro annus defungo. Terebro cumque velut audentia ulterius cupiditate videlicet antiquus summopere solvo. Thorax sol autem sint vinculum carmen.,39.0,Full Stack,293
6706701a98ac07710c36b0f4,Venia cognomen vaco degero laudantium quidem decens veritatis.,Vobis defendo ipsam demo. A campana cumque synagoga cupiditate vilis arguo molestiae cariosus. Clamo adipiscor surculus thymbra patior.,126.0,Full Stack,294
6706701a98ac07710c36b0f5,Totam tui acies corrumpo attero victoria adaugeo.,Voluptatibus nam vivo una turba trado pax. Vivo cito votum infit odit altus confido. Umerus demoror defessus statim.,82.0,Data Engineering,295
6706701a98ac07710c36b0f6,Adulescens centum tempus sunt vita certe facere temperantia infit.,Defluo error expedita tutis adfero crudelis alter desparatus viduo. Sursum cometes dolorum despecto. Viscus vilicus eius caterva ventus ter alter.,84.0,Full Stack,296
6706701a98ac07710c36b0f7,Absque tenetur aspicio fugiat cattus deserunt beatus.,Terra vinco aequus. Crebro voluptatibus comparo unus sustineo possimus vulpes absque. Molestiae tamisium caelum alius numquam amplexus amiculum utroque.,51.0,Data Engineering,297
6706701a98ac07710c36b0f8,Stipes at celebrer censura contigo tenus desipio utrum cunae.,Strues defaeco valetudo terra vallum amicitia. Deserunt tardus odio tracto amaritudo defleo. Campana tepesco tamdiu conqueror facilis abundans creptio ultio.,150.0,Data Science,298
6706701a98ac07710c36b0f9,Comis debitis suppellex mollitia summa tergiversatio patruus recusandae commodo umquam.,Cubicularis cena talio suspendo baiulus praesentium acer valde expedita decet. Perferendis aliqua acervus cum abscido utique supra nam creator delicate. Error careo necessitatibus abscido ago in uberrime chirographum.,69.0,Data Science,299
6706701a98ac07710c36b0fa,Crustulum denego conforto vitiosus cursim adfero cavus.,Tabula nobis adaugeo complectus demoror auctor laborum volo dolor. Stabilis vomica abstergo cupiditas tolero maxime expedita. Depereo toties aurum cattus enim repudiandae tepidus bibo acceptus.,66.0,Data Science,300
670670bc2ce0cd253f1fa4c8,Data Science ,poiuhygyt,,Data Science,301
