moduleId,title,description,learningMaterialId,moduleKey
6706701a98ac07710c36b0fb,Repudiandae conqueror speciosus ipsa tum audacia absorbeo civis tardus.,Administratio reiciendis blandior. Vicissitudo ipsa commodi cum brevis. Ciminatio vinco decimus bis.,6706701a98ac07710c36b0a8,1
6706701a98ac07710c36b0fc,Caelestis damno concido cervus adficio distinctio cattus charisma.,Viduo callide combibo ver vulgus qui saepe stipes. Stella occaecati umquam acceptus in via. Demitto aduro patria comitatus ceno defessus theatrum.,6706701a98ac07710c36b0a6,2
6706701a98ac07710c36b0fd,Cotidie timidus decet carus.,Bellicus aliqua tendo summa vallum. Delego concido vester aspicio attero cito dedico convoco. Canonicus nulla corona audeo.,6706701a98ac07710c36afd1,3
6706701a98ac07710c36b0fe,Terra molestias damnatio terebro aliquam.,Cognatus officiis iusto titulus atrocitas casso. Succedo tum tremo cuppedia articulus audax. Derelinquo tracto theca uter somniculosus caecus creta admoneo assumenda aestivus.,6706701a98ac07710c36b02e,4
6706701a98ac07710c36b0ff,Adimpleo in appositus video.,Texo curto arguo utor tabella caritas attollo cibus bibo. Ut umquam asperiores attero decerno suscipit. Expedita deficio suasoria decimus.,6706701a98ac07710c36b010,5
6706701a98ac07710c36b100,Degusto consequuntur antea amoveo tardus correptius patruus aestivus congregatio consequuntur.,Amo capio debitis aegre tui tempore culpa autem. Argentum sapiente cicuta ultio ipsa. Curto calamitas temperantia aedificium sodalitas ullus confero capillus demulceo ex.,6706701a98ac07710c36b055,6
6706701a98ac07710c36b101,Provident subiungo aggero cruciamentum usus absens.,Vinitor benigne admoveo. Sumo voluptates thorax acerbitas adnuo eos vitae. Cotidie et toties delectatio veritas facere adipisci deprimo infit laborum.,6706701a98ac07710c36b0c5,7
6706701a98ac07710c36b102,Vicinus vivo spiculum aro cornu arceo vetus audentia.,Accusamus clementia paens crur allatus aestivus cernuus caterva via adamo. Pecus placeat verto doloremque tempore cuius amissio fugiat. Desidero canto cerno officiis sperno ex accusantium cohors.,6706701a98ac07710c36b0f1,8
6706701a98ac07710c36b103,Communis aegrotatio delinquo derideo dens.,Dolor ab apto vulgus bene alius artificiose talis vergo. Demens cruciamentum conscendo minima bonus. Trado admoveo depromo cumque aperio.,6706701a98ac07710c36b081,9
6706701a98ac07710c36b104,Quidem aiunt suppono.,Via attollo libero cribro. Crustulum degenero degero. Pecco absum quam reiciendis agnosco.,6706701a98ac07710c36b06f,10
6706701a98ac07710c36b105,Validus harum claro auctor necessitatibus turbo cupiditate.,Calamitas bellicus ad umquam. Attonbitus pecto voluntarius careo perferendis vindico amissio adeptio. Expedita suspendo adfectus attollo eius avarus ubi nulla.,6706701a98ac07710c36b0c2,11
6706701a98ac07710c36b106,Tamisium non angustus adhuc attonbitus theatrum ventito.,Bis decens somnus denique comis. Coma volubilis architecto decumbo bestia ipsum. Abduco cinis sustineo barba totus defaeco conforto vinum alveus.,6706701a98ac07710c36afe6,12
6706701a98ac07710c36b107,Auctor thermae caveo.,Tabella unde defaeco spes curatio vicissitudo terebro tremo officia. Benigne sodalitas aufero agnosco quas cicuta desipio. Depulso colligo speciosus.,6706701a98ac07710c36b0e5,13
6706701a98ac07710c36b108,Tempore adinventitias paens succedo verbum uxor causa quia.,Terreo charisma communis autus. Ubi celebrer auctor adaugeo surculus cultellus labore molestiae stips. Strues conor cotidie celo quo volup vulnus aequitas tum.,6706701a98ac07710c36b003,14
6706701a98ac07710c36b109,Demoror aptus capio officiis amor at.,Vinculum quos defungo eligendi sperno. Adimpleo autem socius demo. Trepide supellex viriliter sponte verbera cinis quas vergo.,6706701a98ac07710c36b0bd,15
6706701a98ac07710c36b10a,Adinventitias calamitas pecto sum.,Demens denuo vespillo ullam consectetur torrens vix adfero tribuo amet. Denuo terebro vis substantia amplexus vita ut contra carbo. Alius bos ars turpis.,6706701a98ac07710c36b01f,16
6706701a98ac07710c36b10b,Vorago vester dolore unde decumbo aestus attollo acsi.,Tabula tergum avarus tempore fugiat temperantia caecus demens eius tutis. Astrum eos amita thermae. Doloremque accendo quos comparo communis pectus ait voluptatum dens solium.,6706701a98ac07710c36b005,17
6706701a98ac07710c36b10c,Titulus tui quia civis toties consectetur uter rerum vito aqua.,Aeger vulnero coma vereor venio vos summisse. Quibusdam cito infit defessus aequus. Peior usitas quae coniuratio charisma vulticulus dedico.,6706701a98ac07710c36afea,18
6706701a98ac07710c36b10d,Assumenda summisse causa valde titulus deleo caecus defendo vester.,Tertius thesaurus quos sapiente decumbo demo somniculosus exercitationem. Custodia utpote exercitationem terreo tergeo caute infit urbs cito optio. Crudelis tepesco conscendo debitis unus verus canis surgo.,6706701a98ac07710c36b04a,19
6706701a98ac07710c36b10e,Auctus tamisium ulciscor virga vesica ab cunabula pecus tergum.,Verus vulariter desidero absconditus. Canis possimus abstergo necessitatibus. Cariosus terebro id amo calculus tyrannus vere ascit.,6706701a98ac07710c36b0c3,20
6706701a98ac07710c36b10f,Censura vis triumphus cubitum conicio amor theologus temptatio distinctio totam.,Vilitas veniam inventore culpo. Harum vinculum caste rem tergum thermae iste. Aurum arbor ago adsidue.,6706701a98ac07710c36b032,21
6706701a98ac07710c36b110,Illo compello voluptate aut bene accedo decipio dens.,Contigo vulgaris tibi eum angustus totus depulso thymbra tergum volaticus. Debilito aestas taceo agnitio tantillus aliquid cupressus inventore tres. Delego alveus utilis.,6706701a98ac07710c36affb,22
6706701a98ac07710c36b111,Eaque agnitio vir auditor asperiores sequi vestigium suffoco.,Vespillo basium et aegrus toties. Taedium carcer curto ipsum. Civitas adsuesco creber aequitas vinum conforto censura vulnus annus defero.,6706701a98ac07710c36b0f8,23
6706701a98ac07710c36b112,Cauda nostrum cresco maxime veritatis cohaero tabesco consuasor vociferor.,Calculus truculenter aequitas confido aspicio sui desipio. Peccatus atavus tutamen explicabo. Textor officia umbra.,6706701a98ac07710c36b03d,24
6706701a98ac07710c36b113,Comprehendo maiores vomito.,Verus clibanus videlicet doloremque ultra. Cedo adfero umbra coniuratio textor adduco allatus decor cinis arca. Tamen cervus votum umerus calcar summisse circumvenio.,6706701a98ac07710c36b01d,25
6706701a98ac07710c36b114,Teres vis consequatur calamitas thesaurus hic conatus sit aliquam.,Decet vesper vero turpis cras despecto testimonium caterva alias defero. Autus facere pectus verto tres voluptatum depopulo supplanto tui. Demo angulus vitiosus titulus admitto amiculum viduo bene.,6706701a98ac07710c36b086,26
6706701a98ac07710c36b115,Derelinquo tenetur sapiente circumvenio pecus titulus cubitum textor.,Caecus adflicto magni volaticus verus tamquam vae cenaculum dedecor quaerat. Porro tutamen clamo damnatio votum caecus stillicidium adipiscor thesis. Demoror sol virgo laborum avarus cavus degusto.,6706701a98ac07710c36b063,27
6706701a98ac07710c36b116,Suffragium viscus abbas pecus decens attero.,Talio cernuus desipio agnitio ambitus eum valde carcer. Crepusculum currus cupio velut brevis spargo carpo demitto. Nostrum vito adicio conatus theologus tremo addo appono.,6706701a98ac07710c36b0f3,28
6706701a98ac07710c36b117,Desolo conspergo cupressus porro magnam congregatio utilis curto.,Contego thorax antepono color crur eos. Subnecto defleo damnatio laboriosam solutio. Capillus ascisco thesaurus candidus centum maiores victoria occaecati rerum.,6706701a98ac07710c36afef,29
6706701a98ac07710c36b118,Caterva cultura rem tricesimus.,Aegre succedo torrens reprehenderit. Triduana vulnus tenetur conservo unde tamdiu combibo creator. Demoror solum voluptas.,6706701a98ac07710c36b0f5,30
6706701a98ac07710c36b119,Tenus thesaurus aqua bonus labore decens volutabrum vos depono vomito.,Aestas tremo virtus. Creber praesentium arma. Cogo contego at delectatio suffragium sulum convoco.,6706701a98ac07710c36afea,31
6706701a98ac07710c36b11a,Admitto utrimque vulgaris tamquam alter acer tristis suus vado advenio.,Ducimus comis vulgivagus supra vulticulus saepe. Amiculum derideo thymum ad venia cenaculum vilis. Numquam taceo aspicio timor.,6706701a98ac07710c36b01c,32
6706701a98ac07710c36b11b,Damnatio vulticulus combibo fugiat curto antiquus corona.,Cur adhuc fugit strues adhaero calcar statua. Terebro ut soluta varietas conscendo currus. Deludo tubineus temptatio claustrum.,6706701a98ac07710c36b010,33
6706701a98ac07710c36b11c,Cenaculum aggredior admoneo comitatus deserunt cimentarius sub acidus.,Complectus aggredior depraedor cotidie. Commodi itaque surgo tui custodia sto patior est censura sursum. Aspernatur tricesimus ager volup theatrum video aeger crux capillus speciosus.,6706701a98ac07710c36afe3,34
6706701a98ac07710c36b11d,Denique saepe illo et curis similique amitto.,Strues volubilis harum. Valens clementia suffragium adstringo talus caries. Dedico crux torrens tamquam dolores vociferor.,6706701a98ac07710c36b02e,35
6706701a98ac07710c36b11e,Curto inflammatio incidunt cupressus cetera teneo audax architecto.,Peior ciminatio summopere adipisci quia bibo. Apparatus annus antepono venia ratione alius armarium tres. Barba avarus stultus conatus.,6706701a98ac07710c36b0db,36
6706701a98ac07710c36b11f,Audio eveniet ademptio vergo certus.,Suspendo aeneus campana debeo vestrum molestias enim aqua. Utique totam adeptio. Terror id defetiscor suscipio modi hic aro.,6706701a98ac07710c36b07b,37
6706701a98ac07710c36b120,Ulterius adiuvo crepusculum conculco.,Sint suppellex clam cetera. Crustulum bestia aestivus quaerat modi compono sum. Repudiandae comburo velut occaecati facilis deludo conservo dedico.,6706701a98ac07710c36b03b,38
6706701a98ac07710c36b121,Defungo vesper cotidie.,Adnuo demo cena curvo despecto vapulus absconditus ipsum argentum sto. Trans amor aureus desidero. Solum verecundia tres thema voluptatibus.,6706701a98ac07710c36afe1,39
6706701a98ac07710c36b122,Voluptatem solum considero vesper vitiosus confido communis basium crur ubi.,Audentia territo coruscus conculco turba sol careo convoco canis aspernatur. Carbo absens degusto carpo valeo decipio adaugeo contigo cura quia. Eius inflammatio aspicio suus.,6706701a98ac07710c36afd7,40
6706701a98ac07710c36b123,Adeptio at substantia cibo clarus animadverto.,Totidem quae quas deludo. Accusator addo dicta optio minima vigilo coadunatio sopor. Spiritus nesciunt quibusdam.,6706701a98ac07710c36b023,41
6706701a98ac07710c36b124,Abduco amissio testimonium triumphus.,Conicio trepide crebro conor. Voluptas consectetur tergo non denique conspergo recusandae utrum. Alioqui earum tamquam defluo vesica umerus contigo vomer bellicus adhaero.,6706701a98ac07710c36b063,42
6706701a98ac07710c36b125,Utilis tristis condico confugo consequatur.,Vicissitudo tabernus aequus quis ager comptus. Suppellex cruentus nesciunt crebro terror alii corrupti. Commodi capio desolo thalassinus optio doloremque utrimque.,6706701a98ac07710c36b0c0,43
6706701a98ac07710c36b126,Voluntarius catena accommodo maiores cedo patruus avaritia utpote.,Ademptio blanditiis depereo catena. Termes vos demergo delibero quis argentum conicio. Terreo caste ullam celo comparo.,6706701a98ac07710c36b035,44
6706701a98ac07710c36b127,Ascisco demitto truculenter currus.,Adversus solum tracto adinventitias copia aspicio umquam corrigo cibus. Recusandae tricesimus paulatim. Clamo candidus velit quia viduo adaugeo cedo porro.,6706701a98ac07710c36b03f,45
6706701a98ac07710c36b128,Super patria vereor ager reprehenderit concedo conor unde tribuo.,Cunctatio deorsum caveo omnis angelus derelinquo basium sollers quae. Desipio vicissitudo subito crepusculum. Pel uter absconditus aequus solium utilis.,6706701a98ac07710c36b00f,46
6706701a98ac07710c36b129,Versus coruscus civitas sollers.,Denique adiuvo tabula itaque dignissimos depulso modi cuppedia canis. Summisse cognatus thorax harum. Aedificium validus cenaculum benevolentia vicissitudo.,6706701a98ac07710c36b0a3,47
6706701a98ac07710c36b12a,Beatae demens vapulus.,Debitis eos calculus. Tergeo nulla varius. Despecto vigor triumphus.,6706701a98ac07710c36b0ed,48
6706701a98ac07710c36b12b,Comitatus defetiscor ventito clementia tantum tutamen ex molestias expedita.,Vigilo comparo convoco vix ventus deputo iure sit. Caries talio suffragium. Arto antiquus adipiscor consequuntur ascisco unde delego commodo stultus.,6706701a98ac07710c36b0af,49
6706701a98ac07710c36b12c,Cognomen corpus taceo depopulo adiuvo tricesimus aperiam thesaurus.,Auditor absorbeo tui summa bellicus consuasor ocer. Vulpes ventosus tenax qui caput. Armarium textus sperno amita carpo facilis commemoro trado.,6706701a98ac07710c36b026,50
6706701a98ac07710c36b12d,Defendo ustilo crebro tam suggero ullus tyrannus corroboro adfero.,Absum audacia attero concedo testimonium carmen angulus spargo succedo. Carmen undique valeo adimpleo. Utor aiunt synagoga valde bis pax cornu ait xiphias.,6706701a98ac07710c36b0b9,51
6706701a98ac07710c36b12e,Solitudo tredecim ventosus ullam capto decretum tempore defetiscor uberrime caries.,Uberrime cruentus versus textus apostolus adsidue sumptus. Consectetur arceo sint conscendo cauda tutis vero. Concedo provident vobis thymbra caries.,6706701a98ac07710c36b04a,52
6706701a98ac07710c36b12f,Caritas corona torqueo repellendus suasoria canto validus.,Tergo laudantium aurum nisi benevolentia vehemens velut stips vilitas succurro. Strues alienus quas. Tondeo absque tenuis crur certe suggero adversus.,6706701a98ac07710c36b08d,53
6706701a98ac07710c36b130,Custodia aspernatur statim caveo utrimque.,Tandem deporto appono sonitus valeo occaecati solium theologus dedico atavus. Ascit somnus defluo theatrum commodi adulatio. Similique sapiente utique sum celer arguo.,6706701a98ac07710c36b021,54
6706701a98ac07710c36b131,Depereo adopto quas patria sol vespillo.,Valde aestas umquam cupiditas vulariter accedo. Suadeo basium debitis utique reprehenderit conitor exercitationem amiculum succurro. Trepide cuius thalassinus vir cupressus arbor cui crastinus.,6706701a98ac07710c36afd3,55
6706701a98ac07710c36b132,Crebro vinum adeptio tantum casso amplus capillus vulgo umquam tergeo.,Quaerat mollitia vapulus crebro barba velut vitium beatae cultellus. Tumultus caput arguo aedificium nostrum calculus conservo adficio mollitia. Aedificium theatrum barba.,6706701a98ac07710c36b0b7,56
6706701a98ac07710c36b133,Abbas esse cibo angulus brevis spiritus candidus quasi annus.,Conitor terminatio debilito talis. Sint tenuis tracto ducimus amita arbustum umbra. Urbanus tamen voluntarius damnatio avaritia repellendus totidem coaegresco.,6706701a98ac07710c36b03d,57
6706701a98ac07710c36b134,Enim arcus sollers tubineus valetudo antea coma quam voveo.,Iusto ultra villa animadverto. Defetiscor decens arcesso vesco dedecor conservo rem alias. Voco sollicito ullam perferendis.,6706701a98ac07710c36b05e,58
6706701a98ac07710c36b135,Infit tamisium vinitor advoco cogo.,Tamen utique catena copiose vomer alius. Calamitas absque cogito quia. Vestrum canis caelum.,6706701a98ac07710c36b0c6,59
6706701a98ac07710c36b136,Creptio repudiandae concedo denuncio.,Auctus cilicium aegrus auxilium viriliter cursim. Appono vae caste degenero acervus incidunt aro sordeo. Sponte sit cognomen aequitas adficio.,6706701a98ac07710c36aff2,60
6706701a98ac07710c36b137,Pauci abbas apostolus in triduana abstergo dolorum alias cohaero velut.,Bene teneo suppono crux color explicabo adversus dens tamquam. Peior dedecor succedo tersus socius annus coaegresco virtus amissio. Facere suspendo ullam testimonium bestia auctor demulceo compello vesco.,6706701a98ac07710c36afe1,61
6706701a98ac07710c36b138,Tenuis aveho ultio ocer tabgo bardus acquiro.,Solitudo antea suffoco curvo. Vis argentum nemo doloremque. Volubilis suppellex tibi sunt cura suscipit solio adulatio.,6706701a98ac07710c36affa,62
6706701a98ac07710c36b139,Vindico tametsi cunae distinctio.,Desidero aestivus cras libero delectatio. Nihil tempora demulceo adiuvo statim saepe sapiente. Expedita basium cognatus vomito coniuratio assentator vicissitudo avarus ventosus talus.,6706701a98ac07710c36b017,63
6706701a98ac07710c36b13a,Aliqua deputo carus comitatus explicabo.,Doloremque annus abeo totus calculus usitas corona defessus cui. Odio vulgus ultio territo. Caute approbo inventore delinquo pecto avaritia voro depereo balbus.,6706701a98ac07710c36b0c6,64
6706701a98ac07710c36b13b,Antiquus vindico quisquam clibanus libero voluptatibus viridis cenaculum.,Certe acerbitas pel denego amor tantillus vae. Defluo crebro ambulo tendo thalassinus certe censura temptatio fuga. Congregatio comminor capitulus culpo utpote atqui tergum strues adnuo carmen.,6706701a98ac07710c36b0b2,65
6706701a98ac07710c36b13c,Ullus aestivus victus.,Sponte adicio nulla tergo unde aurum crastinus calamitas. Aveho similique celer caveo. Tricesimus tutamen confero.,6706701a98ac07710c36b0e2,66
6706701a98ac07710c36b13d,Aperte tracto tenax summisse.,Tamen circumvenio verus thymbra dolorem reprehenderit sponte. Adversus recusandae necessitatibus thorax natus denuo solvo. Corporis pauci undique demoror dapifer coerceo decipio.,6706701a98ac07710c36b036,67
6706701a98ac07710c36b13e,Dolorum vorago crinis ocer teneo dolore creber uter.,Tardus clamo debeo. Appono vetus corrumpo ventosus valetudo asporto careo. Pel thema ancilla cunae una laborum odit aliqua verumtamen.,6706701a98ac07710c36b051,68
6706701a98ac07710c36b13f,Cibo umbra suspendo thorax aro cribro adamo villa ambitus.,Amor conicio debilito cuius antepono collum soleo. Theologus aggero balbus. Patruus admitto voluptatem velum ab trepide vicinus cuius.,6706701a98ac07710c36b05c,69
6706701a98ac07710c36b140,Complectus provident super curvo truculenter earum crebro incidunt una degero.,Vos patria attero et vociferor cerno. Amoveo vigilo confero tricesimus tibi aeneus aestus advoco. Arcus cohors ullam est textor deprimo toties tunc.,6706701a98ac07710c36b0c5,70
6706701a98ac07710c36b141,Sulum aegrotatio trans texo tonsor.,Comprehendo claro conspergo tenus arx ulciscor triumphus studio vulgaris arx. Deripio canis vulgivagus comptus suffragium. Sed usque canonicus dapifer synagoga delibero cicuta amplitudo circumvenio.,6706701a98ac07710c36b080,71
6706701a98ac07710c36b142,Sponte vinco et velut summa bos aqua arto curriculum.,Ex vulticulus averto bene defetiscor eligendi crastinus sono surculus. Beatus autus color caecus eveniet uterque debilito cilicium thorax cupressus. Quos accommodo caelum suggero attonbitus stipes delinquo collum turbo volaticus.,6706701a98ac07710c36b0b4,72
6706701a98ac07710c36b143,Solitudo vetus pax defaeco rem celer adeptio alius.,Cogo coniuratio aeger. Nostrum verbera accommodo eligendi. Abeo veniam fugiat mollitia excepturi tracto cornu textor.,6706701a98ac07710c36b0f1,73
6706701a98ac07710c36b144,Sustineo auditor taedium compono.,Commodi usitas amor civitas adhuc. Autus laboriosam texo demens autem adulescens vulnero deorsum appositus enim. Ullus apto tabernus succedo solium.,6706701a98ac07710c36aff0,74
6706701a98ac07710c36b145,Tamquam angulus compono viduo terminatio rem velum cui subvenio.,Careo creptio arto copia vae placeat brevis. Vesica sumptus beneficium thema. Commemoro vesco amitto ocer decerno.,6706701a98ac07710c36b008,75
6706701a98ac07710c36b146,Censura atque decens delicate.,Enim repellat porro dignissimos accusantium ciminatio. Decet usque custodia tollo abscido appello desparatus volutabrum. Clamo eveniet thermae attero vigor cruciamentum candidus ea cauda brevis.,6706701a98ac07710c36b0d0,76
6706701a98ac07710c36b147,Cilicium truculenter eaque aequus benevolentia spoliatio.,Truculenter hic constans videlicet tenuis teneo dignissimos. Tyrannus subnecto adipisci ventus. Truculenter tumultus deduco quas absque eligendi.,6706701a98ac07710c36b03c,77
6706701a98ac07710c36b148,Vetus adicio copia optio aliquam.,Animus tolero crastinus tandem arbitro cariosus. Vesper antepono sodalitas. Quaerat aequitas ipsam aequus solutio torrens sophismata viriliter architecto conor.,6706701a98ac07710c36b02c,78
6706701a98ac07710c36b149,Cresco strenuus cena illo volaticus uterque chirographum admiratio ceno.,Annus adimpleo aliqua aperiam sodalitas causa arbor urbanus arma. Admitto testimonium peccatus suscipit. Auxilium venustas depromo speciosus aequitas viscus brevis auctus.,6706701a98ac07710c36b038,79
6706701a98ac07710c36b14a,Occaecati ter accedo nemo tergeo sursum uxor calculus.,Temperantia desparatus vilis spoliatio vigor tamquam copiose commodi arbor. Comburo tonsor carpo solutio capio abstergo sublime. Arguo antiquus vulpes colligo.,6706701a98ac07710c36b0c8,80
6706701a98ac07710c36b14b,Numquam arbustum derideo vita tenus eveniet timidus triumphus campana.,Tempora thesis atqui demonstro defluo turba antepono totidem cena. Valens creber adipisci tandem pecus benigne. Condico subiungo laborum subseco sed.,6706701a98ac07710c36afd9,81
6706701a98ac07710c36b14c,Vigilo solio blandior corrigo tubineus voro crustulum.,Acies vinculum barba urbs video. Distinctio beatus cometes cupiditate calamitas error. Usitas cilicium at acidus desolo accusantium delectus.,6706701a98ac07710c36b091,82
6706701a98ac07710c36b14d,Suadeo volup thesaurus sum.,Cras cura spectaculum tonsor laudantium abundans cetera odit tunc. Laborum accedo damno despecto conqueror sollicito tot stabilis. Clarus animus taceo civitas.,6706701a98ac07710c36b073,83
6706701a98ac07710c36b14e,Abutor quas basium vomer agnosco conduco cultura.,Crastinus suppellex cogo vos tempore cogo coma alveus tumultus. Admitto cura somniculosus. Cicuta comptus auxilium eligendi apostolus.,6706701a98ac07710c36b028,84
6706701a98ac07710c36b14f,Conturbo catena arceo earum libero adipisci exercitationem thermae depopulo ullam.,Civis assumenda acervus ex comes armarium creo alienus coma cado. Absque laborum dolorum via voluptatem. Atrocitas acerbitas vilicus utpote voluptas volubilis.,6706701a98ac07710c36b005,85
6706701a98ac07710c36b150,Degenero pauci basium at perspiciatis derideo necessitatibus ager.,Eveniet spoliatio cubo cuppedia vitae vesper color conatus arx concedo. Exercitationem sol tabernus autus sortitus claustrum ciminatio cariosus repellendus. Addo suasoria solio sursum campana amplitudo corrigo absorbeo tricesimus.,6706701a98ac07710c36b072,86
6706701a98ac07710c36b151,Sumptus cornu adversus accusantium autem deduco peior somnus sollers.,Temporibus perspiciatis acervus avaritia averto curso crebro. Sonitus tollo capitulus virtus adaugeo degero amiculum thesaurus officia. Territo aegre velociter laborum debeo velit cresco.,6706701a98ac07710c36affb,87
6706701a98ac07710c36b152,Ascisco suffragium ulciscor utor totidem campana asper est.,Ulterius sint cognatus sustineo nam suppellex validus. Autus beneficium tertius civitas conitor. Defluo voluptatibus vallum pecus.,6706701a98ac07710c36b0d8,88
6706701a98ac07710c36b153,Vox tolero impedit.,Tricesimus accendo tracto candidus compono. Tunc cunae audio cibus cuppedia tricesimus statua degusto conculco adulatio. Avaritia vigilo cito.,6706701a98ac07710c36aff8,89
6706701a98ac07710c36b154,Abbas crinis armarium ultio verto sumptus appono conspergo.,Sint tamen uredo molestiae arbitro tum curiositas. Certe conservo a absque tendo tenuis ex desparatus. Taedium bellicus vesper cuius nulla ipsam aiunt capio corroboro vitae.,6706701a98ac07710c36afe4,90
6706701a98ac07710c36b155,Eligendi vulgaris adfero utrimque tantillus teneo.,Aveho aegrotatio vorax. Votum credo crux aqua viscus sortitus contabesco demum capitulus ultra. Quidem nam patruus nisi harum acies laboriosam denuo usus.,6706701a98ac07710c36b0b6,91
6706701a98ac07710c36b156,Amoveo animus usitas perspiciatis bos tersus balbus decerno solium.,Aestus vulariter numquam adduco teneo ventito defleo. Spargo vix aestas deleniti capio. Quam cubo auctor sto tactus deripio sint.,6706701a98ac07710c36b05e,92
6706701a98ac07710c36b157,Teneo averto calcar defaeco omnis.,Temeritas defluo abutor cohaero aetas cogito aranea nobis. Eveniet tui carbo. Strues esse spectaculum claustrum.,6706701a98ac07710c36afe2,93
6706701a98ac07710c36b158,Administratio blandior sum coniuratio.,Desolo taedium tollo adfero. Vilitas aegre cohors censura spes ventus truculenter accommodo sodalitas. Cognatus absque aduro adopto tepidus eaque titulus balbus.,6706701a98ac07710c36b0da,94
6706701a98ac07710c36b159,Amiculum cerno arca vos totidem calcar summisse cruentus.,Velut votum aedificium amaritudo tergeo aperio venio. Admiratio carmen supellex caries adnuo solutio accedo adduco bardus. Theca veniam uredo maxime decens.,6706701a98ac07710c36b0d4,95
6706701a98ac07710c36b15a,Corrupti tui possimus suspendo uter voco altus attonbitus aequitas ater.,Dolores amiculum sufficio voco atavus. Triumphus crustulum turba altus auxilium arbustum territo adipiscor nostrum. Maxime coepi coaegresco nihil.,6706701a98ac07710c36b0f3,96
6706701a98ac07710c36b15b,Aeneus amplitudo pel sollers ascit verecundia uter vesper comis.,Ex curriculum desidero concedo absconditus claro stipes in. Vetus complectus circumvenio strues ustulo theologus aro compello subvenio cariosus. Canto denuo timidus tribuo sint defleo caute bibo accedo odio.,6706701a98ac07710c36b007,97
6706701a98ac07710c36b15c,Illum atrox tabula comburo patruus vulticulus.,Tersus tantillus et verbera deleo ter crustulum virtus causa. Vestigium suspendo denego adfectus eius voveo auctus excepturi subiungo. Textor vereor similique arbitro ter taceo ustilo sequi.,6706701a98ac07710c36b016,98
6706701a98ac07710c36b15d,Sto eveniet delicate creator in iure thema tubineus timidus calco.,Deporto aperte alioqui contego vinitor. Terga valetudo titulus cohaero supellex commodo comburo. Sub quod votum strenuus alii claustrum arto contabesco.,6706701a98ac07710c36b046,99
6706701a98ac07710c36b15e,Statua amaritudo conservo tunc considero tepidus utroque.,Deleo cultellus vergo censura decretum. Autus copia virgo victus temptatio arguo bibo colligo. In nihil tener ulciscor commodi clamo cunae deorsum acidus.,6706701a98ac07710c36b077,100
6706701a98ac07710c36b15f,Trado creta una bellicus.,Traho damno solutio cura alveus illo eius. Aeger communis sulum conicio ante admoneo templum valens acsi autus. Admoveo adicio contigo candidus calamitas inflammatio.,6706701a98ac07710c36b0c9,101
6706701a98ac07710c36b160,Templum voco contego dolorum coruscus non valetudo vestrum adhuc vicinus.,Sit adimpleo dolore utor curso carus argumentum. Suscipio constans vomica avaritia sumo demoror molestiae avaritia ciminatio caritas. Comprehendo earum admoneo turbo cervus usus autus.,6706701a98ac07710c36b035,102
6706701a98ac07710c36b161,Dedico tyrannus degero universe culpo summopere aureus.,Usque vicinus autus aestivus aveho vigilo validus comprehendo coniuratio. Confido acceptus thesaurus super velum aequus. Crinis vester vorax virtus aegrus tergiversatio vulgus aranea.,6706701a98ac07710c36b09c,103
6706701a98ac07710c36b162,Adiuvo tumultus temptatio appositus degero virga conturbo.,Sol inflammatio spes canto solus vinitor utroque caterva deficio utroque. Thymbra quibusdam temptatio aro suspendo summa vergo suggero ara. Bos adflicto patria cervus saepe verbera teres.,6706701a98ac07710c36b037,104
6706701a98ac07710c36b163,Deleo vigilo cervus curvo supplanto baiulus confido vis sortitus caterva.,Dapifer absum decor ager molestias suspendo vitium carmen. Tabesco vicinus rerum. Utrimque alveus antea molestias aperiam thesis sonitus tumultus aestus.,6706701a98ac07710c36b0de,105
6706701a98ac07710c36b164,Ipsum spargo aer contra virgo.,Defessus stabilis vestigium cruentus cenaculum urbs alter ager somniculosus blanditiis. Creo nemo sol. Excepturi voluptatibus sodalitas molestiae aranea quibusdam alveus careo accusantium.,6706701a98ac07710c36b03d,106
6706701a98ac07710c36b165,Officiis placeat assumenda accusantium somniculosus adfero.,Harum validus defessus territo soluta sapiente subnecto. Amor acies aegre ademptio trucido tego. Via ultra cupiditas conduco solutio deserunt trepide acervus volaticus validus.,6706701a98ac07710c36b0c0,107
6706701a98ac07710c36b166,Provident defaeco curo earum taceo culpo viridis cumque toties.,Pectus sono tumultus tres tener. Antepono aeternus victoria. Abscido conservo sufficio.,6706701a98ac07710c36b0b9,108
6706701a98ac07710c36b167,Subito porro pel compono altus cupiditate tonsor volo.,Sopor asperiores subito culpo modi beatae territo ulterius vehemens. Vomito viridis video ascisco ager tempus adeptio ambulo. Maiores ustilo angustus capio suppono error turbo convoco repellat clarus.,6706701a98ac07710c36b001,109
6706701a98ac07710c36b168,Curo somnus venio pariatur casus amiculum.,Vespillo cultura argentum autus. Consuasor consequatur vere trado sono vulticulus. Vulnus copiose atque unus abduco vesper hic.,6706701a98ac07710c36b012,110
6706701a98ac07710c36b169,Assentator alius vulgivagus sonitus alius suggero patior.,Aeternus tracto cumque. Speciosus sumo ullus apto adamo tenax suscipio conservo. Saepe fugit uredo delego titulus.,6706701a98ac07710c36b08f,111
6706701a98ac07710c36b16a,Una tepesco assumenda amet claustrum compono ubi suffragium acervus.,Cicuta suscipit clementia dolor id tersus timor videlicet totidem. Patior aro utilis vomer arbor concido conatus subseco curo. Aeneus labore volutabrum abduco caste pariatur patrocinor careo concedo damno.,6706701a98ac07710c36b0f8,112
6706701a98ac07710c36b16b,Culpa provident valde bene.,Creta condico cogito deprecator repellat. Usitas harum virgo. Nihil terra vivo creptio coniecto cunctatio sono assumenda vociferor.,6706701a98ac07710c36b04b,113
6706701a98ac07710c36b16c,Spiritus sodalitas atrocitas conventus.,Cavus necessitatibus urbanus calco totidem vulgivagus adduco. Celo theca supplanto celer textus vomito comedo veniam. Approbo depraedor communis.,6706701a98ac07710c36b0e9,114
6706701a98ac07710c36b16d,Pecto adimpleo virga.,Sint dolorum tendo. Ambitus dolores adduco caput curto calco apparatus recusandae itaque supplanto. Accendo usus defleo tabernus dolore et acerbitas catena nulla terreo.,6706701a98ac07710c36b09f,115
6706701a98ac07710c36b16e,Tendo ager compello xiphias conservo.,Ipsum convoco dedecor verbera vinculum carcer explicabo sol amoveo. Teres velum urbanus sumo abundans currus vulpes alius. Volaticus demulceo summa demonstro adamo demoror vereor terra.,6706701a98ac07710c36b058,116
6706701a98ac07710c36b16f,Concedo officiis decumbo decipio volva molestiae attonbitus ustulo capio.,Vestrum demitto complectus succedo ademptio turpis clementia. Patruus vitium suppellex textus subseco. Ratione avaritia defetiscor.,6706701a98ac07710c36b027,117
6706701a98ac07710c36b170,Callide strenuus adhuc rem coerceo territo votum.,Ascisco adeo surgo cubo tergo. Comptus modi coniuratio distinctio. Amitto urbanus auditor.,6706701a98ac07710c36b03b,118
6706701a98ac07710c36b171,Voluptatibus valens textilis.,Crustulum fuga inflammatio benigne vox spoliatio. Accommodo degenero uterque nesciunt aut villa coerceo derideo appono. Caveo summopere subnecto vigor adicio una ancilla toties volubilis cervus.,6706701a98ac07710c36b09a,119
6706701a98ac07710c36b172,Officiis unus illum succurro defendo arceo solus demergo.,Animus defaeco tres suppono creo ipsam uberrime undique corona. Cauda saepe constans contego anser ocer temperantia somniculosus vulgo. Suppellex voluptatibus eos adulescens coerceo aeneus votum conitor.,6706701a98ac07710c36b09c,120
6706701a98ac07710c36b173,Spes tracto nisi coadunatio audentia.,Expedita tripudio tardus nam advenio suspendo dicta dolorem. Deserunt corporis versus. Uredo volaticus tamen aqua taedium beatus compello deficio debitis virtus.,6706701a98ac07710c36afe3,121
6706701a98ac07710c36b174,Tero cerno bibo advenio necessitatibus antea concedo suspendo utroque.,Unus admitto taceo adeptio totus suasoria. Absum subnecto ustilo aestivus accusantium universe deporto. Benigne studio vespillo.,6706701a98ac07710c36afec,122
6706701a98ac07710c36b175,Tres aegrotatio accendo vobis.,Tantillus ater cunctatio vitiosus non. Veritatis audio paens crinis timidus desidero amaritudo asporto stipes. Eaque creber decretum trado tardus necessitatibus adversus colo tot tunc.,6706701a98ac07710c36b0ac,123
6706701a98ac07710c36b176,Sto delibero vomica patria ustulo.,Careo umquam tempore reiciendis defendo aggero. Maiores quae soluta curiositas deleniti tamquam. Atqui tergum casus.,6706701a98ac07710c36b06f,124
6706701a98ac07710c36b177,Eum adamo tergiversatio calculus.,Demoror canis quod custodia denego. Comes tricesimus casso temptatio deleo adipiscor concido. Suppellex aeneus catena aduro crastinus tum copia conservo nesciunt.,6706701a98ac07710c36b05e,125
6706701a98ac07710c36b178,Conculco abstergo ipsa sortitus abscido.,Nobis territo calculus advenio. Suadeo degenero voluptatem ipsa conduco campana vallum magnam. Caritas tergiversatio atqui vinco.,6706701a98ac07710c36b0c9,126
6706701a98ac07710c36b179,Bibo voveo reprehenderit abscido omnis brevis.,Infit repellendus vorago approbo vulgivagus admoneo succedo surgo speculum. Stips aro deludo eveniet somnus conqueror approbo ciminatio. Cresco abbas vindico.,6706701a98ac07710c36b047,127
6706701a98ac07710c36b17a,Conitor alo cibus repudiandae cupressus thalassinus paens crux.,Sordeo comitatus tener suffoco suus beatus tego veritas ars curvo. Nihil deludo vel umbra. Vero candidus somniculosus.,6706701a98ac07710c36b046,128
6706701a98ac07710c36b17b,Quaerat corona tenuis.,Coniuratio tubineus cognatus capto abstergo adhaero vesica audio studio. Thymum infit spero alius sordeo pax voveo venustas. Convoco audeo unde cruentus quae.,6706701a98ac07710c36b05f,129
6706701a98ac07710c36b17c,Conforto odit spero comptus thorax campana ustilo repellendus ago omnis.,In armarium sui culpo crudelis. Aliquam velum amaritudo unus. Deputo cedo subnecto articulus confugo vallum allatus.,6706701a98ac07710c36b019,130
6706701a98ac07710c36b17d,Aeger vomica crepusculum caries terra decet infit crur sumo.,Copiose trucido id benevolentia concido. Quod aperte capio. Comparo abscido victoria eaque doloribus.,6706701a98ac07710c36afff,131
6706701a98ac07710c36b17e,Carmen admoneo summopere voluptas approbo.,Curia sonitus cura. Contra denuncio tenus claudeo ipsam bonus bellicus pectus vigor. Admoveo caterva conicio pauper ea hic.,6706701a98ac07710c36aff5,132
6706701a98ac07710c36b17f,Adopto vivo degusto tubineus caecus.,Sequi natus stillicidium clibanus beatae aureus. Vitiosus crapula timor damnatio. Vilitas creta cultura angustus aer eos.,6706701a98ac07710c36b03b,133
6706701a98ac07710c36b180,Cinis cetera nobis aer accusator explicabo sophismata thesis patria.,Tutis cunabula quasi. Aetas paulatim ustulo cibus carmen terebro repellat corrupti clam peccatus. Vorago adulescens trado sponte tenus supellex vita at.,6706701a98ac07710c36b045,134
6706701a98ac07710c36b181,Consectetur benigne clamo admitto at clementia voluptates infit rerum spiritus.,Corroboro coaegresco quia coerceo unde. Deleo deserunt tergeo tamdiu. Amplus usque ex cervus astrum corroboro bonus adicio numquam tamquam.,6706701a98ac07710c36b019,135
6706701a98ac07710c36b182,Unus atrox adfectus caste cito.,Id ventosus claro depulso decumbo error vigilo tam solum usitas. Ultra apud vox vilicus. Vicinus peior vilis.,6706701a98ac07710c36b080,136
6706701a98ac07710c36b183,Usus amoveo infit aspernatur vulgaris eligendi utor solitudo.,Vigilo virtus ocer beneficium culpo iste dolorum ars. Tabernus defungo vergo placeat temeritas quas at agnitio vivo. Admiratio commodo quibusdam perferendis adhuc demum.,6706701a98ac07710c36afda,137
6706701a98ac07710c36b184,Accusantium cursim sublime correptius adduco fuga.,Condico assentator amita trans brevis aequus tabella uberrime ars damno. Consuasor conqueror agnitio eius despecto utor dolorem torrens velociter sint. Aeternus auditor adulatio cervus conicio tondeo stipes cedo.,6706701a98ac07710c36aff1,138
6706701a98ac07710c36b185,Sophismata cohaero terminatio audeo voluptatibus unus excepturi agnosco tutamen.,Correptius cogito cattus atrocitas. Spargo creator cimentarius theatrum velut absens. Voro aqua vinco tergum.,6706701a98ac07710c36b025,139
6706701a98ac07710c36b186,Inventore corrumpo deputo canonicus canto brevis pecto videlicet unus.,Adinventitias desipio voluptate vulnus depromo. Tepesco decor tabella defungo alienus veritas urbs. Illum adnuo calculus sui trans cenaculum toties.,6706701a98ac07710c36b0dc,140
6706701a98ac07710c36b187,Pariatur thymum minima.,Triduana alveus cauda defleo aperiam canis. Cinis adamo dens vicissitudo decretum vacuus patria. Amoveo audio calcar.,6706701a98ac07710c36affc,141
6706701a98ac07710c36b188,Cernuus degenero vere.,Agnitio velociter stillicidium titulus. Annus concido debitis quas caput. Cum ultio thalassinus creator alius tubineus summisse.,6706701a98ac07710c36b001,142
6706701a98ac07710c36b189,Deprimo anser desidero adnuo alii clamo utilis thesaurus vesper.,Comburo sit basium varietas. Arcus nemo assumenda defleo vitae. Stillicidium ars coruscus.,6706701a98ac07710c36b0c1,143
6706701a98ac07710c36b18a,Derideo turba caelum degero.,Atque tactus subnecto attollo verecundia compono vox aeger. Tergum aggredior sophismata tabernus corporis spectaculum adfectus celo atavus degenero. Excepturi infit ago solium.,6706701a98ac07710c36afdb,144
6706701a98ac07710c36b18b,Quibusdam reprehenderit conforto amplexus tredecim.,Strues somniculosus alius. Aggero ducimus saepe vicissitudo confido suscipio. Avaritia vorago super aro spoliatio volup.,6706701a98ac07710c36afd8,145
6706701a98ac07710c36b18c,Assumenda tutis utpote patrocinor.,Varietas caste repellendus sophismata coadunatio vilis. Verus magni sponte tot fugiat. Arto certus tabula tenus ullam clibanus contabesco cultellus animus tres.,6706701a98ac07710c36b095,146
6706701a98ac07710c36b18d,Causa aurum explicabo capto.,Tricesimus vesica decens delibero vociferor venustas vinitor ocer alienus. In versus quaerat conventus cibo quidem voluptate doloribus tabernus cernuus. Canonicus socius auxilium.,6706701a98ac07710c36b0ea,147
6706701a98ac07710c36b18e,Conspergo tergo tracto vulticulus conventus.,Cenaculum casus facilis dolorum deputo spes cena timidus synagoga. Statua corona exercitationem aegrotatio iure colligo trado defleo dens. Doloribus id decumbo accendo creo tam umquam tribuo.,6706701a98ac07710c36b07a,148
6706701a98ac07710c36b18f,Tantum unde adficio aspernatur carpo.,Spectaculum arbitro ullam. Ullam depromo ea cerno callide. Approbo villa voro adeo vergo solutio perspiciatis.,6706701a98ac07710c36b089,149
6706701a98ac07710c36b190,Quam virtus sono aqua amor aegrus temporibus trepide.,Veritatis cruentus dolorem civis cetera. Aggredior cariosus vinum. Crastinus cuppedia cupiditate.,6706701a98ac07710c36b008,150
6706701a98ac07710c36b191,Subseco exercitationem reiciendis.,Crustulum confido ars confugo verecundia vulgivagus canto delectus. Angelus voluptatibus aestus tutamen. Agnosco verecundia cervus tamquam.,6706701a98ac07710c36b0e3,151
6706701a98ac07710c36b192,Magni abscido dapifer utrimque subito itaque.,Vesco aro arcesso. Bellicus cupio dignissimos. Collum comis ventosus calco natus atrocitas.,6706701a98ac07710c36afd5,152
6706701a98ac07710c36b193,Vobis terminatio autem.,Tollo canto copiose solio. Eveniet amplexus alveus illo. Cenaculum compono canto ter canis molestias cinis delicate.,6706701a98ac07710c36b0c8,153
6706701a98ac07710c36b194,Umbra damno decor ultio video voluntarius ara adhaero.,Abbas coaegresco alienus deorsum adhaero callide vomica demonstro. Deputo cupressus civitas. Cunctatio quibusdam cibo timidus adstringo abduco statim.,6706701a98ac07710c36b083,154
6706701a98ac07710c36b195,Nam adulescens turpis vicissitudo cetera antiquus.,Pecus dolores fugiat hic conforto accedo absorbeo clam apto. Culpa damnatio cinis traho vinco causa cicuta damno. Casus aer votum corrigo cenaculum caecus advenio quo cognomen ipsa.,6706701a98ac07710c36b0bf,155
6706701a98ac07710c36b196,Contigo culpo cena vulticulus vomito aurum civis casso apostolus creptio.,Cinis tener vilitas cito tibi ventus adduco curvo. Speculum conspergo aurum tamdiu sperno sit paens qui tripudio cernuus. Valeo amplexus culpa pariatur soluta casus rem cauda.,6706701a98ac07710c36b020,156
6706701a98ac07710c36b197,Taedium facilis tenus benigne sint tego vulticulus.,Cornu balbus mollitia valetudo coerceo tandem spiculum quo. Impedit spiritus iure. Triumphus apostolus suffragium tutamen recusandae et similique.,6706701a98ac07710c36b0af,157
6706701a98ac07710c36b198,Totidem votum sollicito eum coadunatio tempore viscus inflammatio coruscus.,Tenetur curis attollo. Aliquam sublime arbor decerno artificiose. Pauci correptius quo vetus aspicio valeo spargo depraedor.,6706701a98ac07710c36b0cb,158
6706701a98ac07710c36b199,Caelestis subnecto vere.,Credo conservo aspernatur argumentum tracto. Crinis neque adfectus aestus celo succurro at dens avarus. Adstringo dedico adaugeo suppono decor taedium accendo.,6706701a98ac07710c36b044,159
6706701a98ac07710c36b19a,Adfero delectus curvo solus eum delibero cilicium curatio deprimo.,Videlicet ipsa demitto cenaculum. Arx cunctatio comitatus. Turbo curto debilito verbera caelum sol unde accusantium utpote atrocitas.,6706701a98ac07710c36b019,160
6706701a98ac07710c36b19b,Caries compello deludo recusandae capillus charisma cena spargo cedo.,Succedo velit cedo conforto una. Animi attonbitus volva id vulariter suppono trucido aestivus. Quam ater acidus cupiditate vulnus administratio adnuo.,6706701a98ac07710c36afff,161
6706701a98ac07710c36b19c,Anser conservo vociferor.,Coniuratio aer umquam atque aro calco deficio vulgo colligo ab. Comburo teres amo quidem vigor terga. Agnitio theologus charisma timor tamquam delego aureus tunc defero asper.,6706701a98ac07710c36afd7,162
6706701a98ac07710c36b19d,Aurum super doloribus nobis.,Candidus valde depulso uberrime vespillo super conculco vomer delibero. Stella sunt dolorem comparo bestia vulgivagus vulnus confero dolorem decipio. Libero aequus somnus modi pecto.,6706701a98ac07710c36b085,163
6706701a98ac07710c36b19e,Cultellus totidem claustrum tabella clementia.,Voluptates atavus viscus vallum verbum corpus provident deprecator. Eligendi laudantium rem amita inflammatio iste veritatis itaque decimus dapifer. Creta concedo canto depromo ipsam cruentus victoria.,6706701a98ac07710c36b031,164
6706701a98ac07710c36b19f,Audax veritatis atqui atque aufero.,Taceo cerno campana tandem virgo assumenda venustas admoveo. Vesica xiphias cenaculum. Caritas eius ciminatio audentia argumentum caveo bonus pel suggero.,6706701a98ac07710c36affd,165
6706701a98ac07710c36b1a0,Vinum optio aegrus ultio comedo anser demens succedo adamo.,Dolorum totam theatrum aperiam. Peior amplitudo ambulo somnus cogito coadunatio cupio decens venustas attonbitus. Comburo suppellex amaritudo apto turba vesica casus ustilo curatio.,6706701a98ac07710c36b053,166
6706701a98ac07710c36b1a1,Ulterius pauci illo audio.,Alias delego cohibeo vapulus demitto non apto. Tempore sodalitas culpa deficio facere adhuc ullam. Considero defungo vorax depono.,6706701a98ac07710c36b041,167
6706701a98ac07710c36b1a2,Thema anser stella conscendo cohaero curriculum denuo terra adulescens thymum.,Asporto tergeo verbera tenus quasi charisma succedo theca. Agnosco statua argentum uberrime ultio. Studio cedo voluntarius aeger.,6706701a98ac07710c36b04a,168
6706701a98ac07710c36b1a3,Aufero deserunt vitiosus tersus amplus sufficio accedo id.,Uter crebro thymum totidem. Abstergo bene peccatus. Tergum placeat cribro circumvenio vesper tantillus verbum.,6706701a98ac07710c36b0ac,169
6706701a98ac07710c36b1a4,Ter dolores arma spiritus cupio arx vulnero sordeo.,Traho aeneus caelum bis id vester. Ambitus celebrer calculus voluptatum nisi earum tametsi vulgus pectus templum. Sit solutio odit.,6706701a98ac07710c36b08f,170
6706701a98ac07710c36b1a5,Vito deprecator copiose aegrus.,Ipsam calco tutamen bibo suasoria cohibeo amet vomica adeo. Coerceo attollo vorax surgo damnatio cuppedia. Traho iure deficio arcus carus cohibeo sint cattus audentia taedium.,6706701a98ac07710c36b024,171
6706701a98ac07710c36b1a6,Clamo alius paulatim viduo vaco talio curtus certe templum vulariter.,Eos adimpleo ater curto fugiat desolo torrens thymum. Tempus eos nisi earum stipes. Tamisium substantia depopulo candidus delibero thymum credo vereor comparo coniecto.,6706701a98ac07710c36b068,172
6706701a98ac07710c36b1a7,Infit stillicidium inventore thermae acidus vesica curvo spero conqueror.,Varietas fuga quidem congregatio. Demens pectus dens timidus iste assumenda. Corrupti venia audentia.,6706701a98ac07710c36b0f6,173
6706701a98ac07710c36b1a8,Demitto cattus spiculum theologus stillicidium spes super terreo armarium.,Decimus at somniculosus ventus molestias aiunt valens demens. Facere vivo desidero carcer tabesco aufero vulgaris acervus. Arbor acervus canto strenuus.,6706701a98ac07710c36afe3,174
6706701a98ac07710c36b1a9,Spectaculum error impedit caecus ancilla bardus videlicet utique totus.,Tandem cenaculum tenus cras aeger stabilis asporto voro nesciunt degusto. Temeritas adinventitias verus decretum bibo strues undique tonsor. Conforto tardus cimentarius crebro suspendo excepturi absque balbus velut aranea.,6706701a98ac07710c36afd1,175
6706701a98ac07710c36b1aa,Utpote corpus admoneo antiquus spiritus vesper aestus provident.,Quam ait stultus velut atque vigilo molestias repellat iure. Tempore optio trepide vetus delibero amor caries. Caries apto rem comes vere.,6706701a98ac07710c36b002,176
6706701a98ac07710c36b1ab,Tantum uter delibero.,Subseco talus vociferor utroque. Trucido utpote cupio celer baiulus sustineo quia collum comminor. Vesper cognomen baiulus cognatus eligendi soluta ulciscor undique verto suscipio.,6706701a98ac07710c36b0c0,177
6706701a98ac07710c36b1ac,Cupressus laborum virtus bene utilis comptus odio esse asperiores.,Articulus depromo unde decretum tergeo custodia solitudo minus sto. Demum tutis omnis adhaero adhuc desipio ustulo commodi succurro demulceo. Omnis coma cur usque turba tantillus cresco sonitus.,6706701a98ac07710c36b0b7,178
6706701a98ac07710c36b1ad,Thermae desolo usus damnatio volo ustulo super.,Assumenda tempora somniculosus talus tergo curso desino assumenda. Tamdiu tutis saepe candidus tempus taceo cicuta vehemens modi callide. Adduco quam coniuratio aveho voluptatibus defungo tripudio accusantium.,6706701a98ac07710c36b0e8,179
6706701a98ac07710c36b1ae,Aptus tui blandior decimus calamitas comedo solum.,Supellex cur suppellex paulatim soleo aperte subseco cernuus cunae. Culpa ara beneficium. Atavus vitium vir nam.,6706701a98ac07710c36afd3,180
6706701a98ac07710c36b1af,Tero asper vorax cerno cursus depopulo.,Crudelis claro solvo non vilis venustas adstringo absorbeo. Copiose nesciunt pauci corroboro thorax nam. Tero cursus conqueror sono aranea totidem coaegresco claro desino.,6706701a98ac07710c36b0c2,181
6706701a98ac07710c36b1b0,Taceo aestivus attollo ascisco civis quod amoveo totam.,Aedificium socius tunc ulciscor. Vesper corpus compello dolore agnosco. Laboriosam deficio alioqui coepi apto.,6706701a98ac07710c36b037,182
6706701a98ac07710c36b1b1,Arto alveus trado ratione adeptio adfero demo.,Demens villa balbus aperte caelum toties color. Sapiente vix super dedico surculus tendo suggero ventito. Delego subvenio laborum desipio adduco.,6706701a98ac07710c36affc,183
6706701a98ac07710c36b1b2,Fugiat sumo vel placeat.,Numquam audax cras curvo. Quis creo substantia atavus ea tribuo velit urbanus clarus. Suspendo vel cilicium clibanus copia terebro sollers depromo.,6706701a98ac07710c36afd1,184
6706701a98ac07710c36b1b3,Clarus bene atrox pecus commodo attonbitus depulso.,Delibero titulus spiritus centum uterque. Advoco usus cura civitas defendo viduo benevolentia via aliquid. Non adeptio vulgaris absens ater clarus.,6706701a98ac07710c36b0af,185
6706701a98ac07710c36b1b4,Cuius aufero adsum adhaero inflammatio desipio agnitio.,Vomito aspicio arcesso hic basium. Benevolentia ars voluptates quis argentum. Uxor appositus voluntarius termes defungo concido vicinus.,6706701a98ac07710c36b001,186
6706701a98ac07710c36b1b5,Temptatio abutor clementia abstergo stabilis beatae conforto synagoga.,Adaugeo ullus crebro speculum. Theologus totus unus careo. Atrocitas utrimque tribuo ventosus nihil adflicto cicuta.,6706701a98ac07710c36afd1,187
6706701a98ac07710c36b1b6,Atqui accendo uberrime comparo crudelis omnis.,Arbor aduro delinquo numquam carpo fugiat ustilo. Veritas dignissimos quidem careo. Tribuo temperantia placeat.,6706701a98ac07710c36b078,188
6706701a98ac07710c36b1b7,Basium contabesco tunc calamitas auctus tabgo vinum crastinus comprehendo id.,Contra cubitum ante crudelis. Tardus viriliter agnitio articulus. Paulatim creptio tremo vetus ex.,6706701a98ac07710c36b06f,189
6706701a98ac07710c36b1b8,Voluptate vilicus illum aeger una demens verto vulpes bellum.,Amo thesis cruciamentum vix. Vapulus solitudo adhuc. Umbra pariatur assentator conservo tepidus statim convoco cumque voluptatibus dens.,6706701a98ac07710c36b052,190
6706701a98ac07710c36b1b9,Comedo magnam calcar cui alii ut.,Varius perferendis damnatio. Vulgo utpote cohaero. Vulgaris tabesco tabernus stipes copia tricesimus ait succedo.,6706701a98ac07710c36b073,191
6706701a98ac07710c36b1ba,Claustrum summa contigo cohaero verecundia non valde.,Assumenda congregatio arceo amplitudo tener timidus. Volaticus crux convoco aliquid magnam. Decens turpis tempora virtus rem cerno bellicus credo aiunt.,6706701a98ac07710c36afeb,192
6706701a98ac07710c36b1bb,Nam degenero ex tot terreo verbum veniam neque fugit textilis.,Uberrime commodo barba volva ut clam tamisium una. Magnam derelinquo bene vinitor ventito uterque eligendi. Porro autem curatio atrox depulso consuasor.,6706701a98ac07710c36b0bb,193
6706701a98ac07710c36b1bc,Thermae conatus solus sulum civitas depono eius ter.,Aspicio veritas audio. Damno nisi auditor infit aggero creta. Approbo calcar quia confero ambulo aestas demergo quas creator depulso.,6706701a98ac07710c36b06d,194
6706701a98ac07710c36b1bd,Amitto deorsum accedo considero tenuis ullam crux solutio bardus cetera.,Tener vereor atqui contigo confugo laborum cupressus. Comedo umerus caritas corrigo aliquam cubicularis vere optio vita. Causa tristis aduro appositus ad complectus autem.,6706701a98ac07710c36b0bb,195
6706701a98ac07710c36b1be,Vos tantillus pecus.,Utor certe curriculum illo infit. Canto quaerat vinculum defluo. Fugit abutor tumultus caput claustrum tepidus.,6706701a98ac07710c36afd6,196
6706701a98ac07710c36b1bf,Appositus at calculus rem benevolentia.,Dapifer vobis socius aufero. Damno velut denuncio degero quia tenuis verecundia inventore curto suppono. Antiquus cubitum dolorum casso vulgus amplus animi tergeo.,6706701a98ac07710c36afeb,197
6706701a98ac07710c36b1c0,Taedium abbas suus tamquam theca.,Dedecor demitto unde pecco theca bellum. Strues vaco desolo velum. Adsuesco contego vinco valens combibo somniculosus.,6706701a98ac07710c36b059,198
6706701a98ac07710c36b1c1,Uberrime suffoco tempus terga amplitudo.,Assentator omnis aurum pauci terreo tamquam crur talio vulgus. Quos defaeco atrocitas deripio amet thorax voco vestigium pariatur celo. Vinculum taceo cena officia.,6706701a98ac07710c36b074,199
6706701a98ac07710c36b1c2,Cur vestrum odit spoliatio absorbeo color trans tabgo fugit.,Autus delego suppono derelinquo valens minima. Bellum tui acquiro crur. Mollitia tredecim talus causa tumultus.,6706701a98ac07710c36b053,200
6706701a98ac07710c36b1c3,Titulus urbanus confido vinculum veritas aeger tempus defetiscor desolo carpo.,Accusamus studio crebro considero voluptates clibanus apostolus perspiciatis omnis. Theologus barba crur tres vobis. Anser adflicto vicissitudo triumphus deduco atque curia infit.,6706701a98ac07710c36b07f,201
6706701a98ac07710c36b1c4,Accommodo cena dedecor adaugeo alveus corpus.,Substantia cruciamentum catena ait comes demoror similique. Caste iste crustulum despecto ipsum amicitia. Dapifer expedita thesis tabella coniuratio speciosus fugit.,6706701a98ac07710c36b048,202
6706701a98ac07710c36b1c5,Thema vitium alo deludo.,Tabesco cariosus atque vesper thorax tepidus defleo approbo denego confero. Quod advenio amoveo reiciendis auditor copiose. Assumenda pectus subito vito deduco.,6706701a98ac07710c36afe6,203
6706701a98ac07710c36b1c6,Denique commodi contigo voro blanditiis.,Abbas adduco abeo teres ars veritas. Caveo quaerat pecto stipes. Cauda stips caveo cimentarius.,6706701a98ac07710c36b090,204
6706701a98ac07710c36b1c7,Qui peccatus cubicularis suadeo cogito veritas amplexus.,Voluptas stultus tenax abeo talio. Bos ambitus tepidus curtus corporis cena. Volva labore concedo cras porro unde video adamo tergiversatio.,6706701a98ac07710c36b0a1,205
6706701a98ac07710c36b1c8,Cimentarius una spero sint uterque.,Consectetur amiculum sumptus arguo ait necessitatibus ratione veritatis adnuo abduco. Cilicium deripio vulgivagus ago solum. Strenuus enim vesica.,6706701a98ac07710c36aff2,206
6706701a98ac07710c36b1c9,Strues totus teneo ratione.,Vos voluntarius deduco quibusdam eveniet deputo audax curto spiritus. Solium verus coniuratio constans defleo urbs textor caute harum. Cernuus vacuus mollitia deprimo arx vere voro dolor earum pectus.,6706701a98ac07710c36b0f4,207
6706701a98ac07710c36b1ca,Cicuta voluptates dens.,Cedo omnis aliqua comburo comes coerceo benigne arma voco. Circumvenio clarus temptatio porro ascit vis. Depereo titulus deleo cogito velum curatio uter trado peccatus.,6706701a98ac07710c36b0d9,208
6706701a98ac07710c36b1cb,Aureus vilicus truculenter validus constans conspergo corrupti credo.,Curo stipes qui vitiosus crastinus tepesco. Cras cado barba soluta. Territo coaegresco ars.,6706701a98ac07710c36aff2,209
6706701a98ac07710c36b1cc,Crastinus tondeo voluptatum caput ago soluta utor deludo advenio correptius.,Vomito cervus custodia coniecto admitto careo. Defetiscor sperno curto cavus demo tactus synagoga cupio accusamus. Caelestis adimpleo error ambitus sumo sunt.,6706701a98ac07710c36b093,210
6706701a98ac07710c36b1cd,Unde temeritas aeger usus excepturi.,Patrocinor tamquam vicissitudo. Caste consequuntur tui certe curtus aut aliqua. Minus eius est pecus harum.,6706701a98ac07710c36b007,211
6706701a98ac07710c36b1ce,Minima nesciunt civis sto credo.,Crapula capillus amissio decor. Admoveo textor tenuis capio depraedor distinctio uter desolo arx cariosus. Delego autem sophismata ipsa antea.,6706701a98ac07710c36b023,212
6706701a98ac07710c36b1cf,Crudelis numquam absconditus delego una tutis vicinus.,Terror solus surgo amplus tripudio cur certe confero argentum vallum. Venustas voveo acsi creber. Occaecati censura ancilla succurro utroque magni tego tenus.,6706701a98ac07710c36b000,213
6706701a98ac07710c36b1d0,Demum cometes crastinus thalassinus vehemens maiores.,Ultra despecto cupiditate contabesco cubitum arbor. Subvenio demo claustrum. Absque aetas alo tristis solus sopor.,6706701a98ac07710c36b0d3,214
6706701a98ac07710c36b1d1,Vulgivagus claudeo vapulus praesentium subvenio capillus ex patria abbas speculum.,Abundans sit aperiam infit dignissimos demitto ut cur. Arguo corpus talis arca subvenio. Validus torrens arguo.,6706701a98ac07710c36b061,215
6706701a98ac07710c36b1d2,Careo adnuo defero unde bis cuppedia aestivus est theatrum taedium.,Optio verbera cupiditate collum cupiditate absque commodi talis. Chirographum vinitor mollitia agnitio curo argumentum chirographum collum corrumpo. Benigne terebro rem tumultus.,6706701a98ac07710c36b0b5,216
6706701a98ac07710c36b1d3,Vos tonsor abeo argumentum nostrum quaerat curriculum eligendi cur vox.,Ex cohaero adulescens tumultus conor decumbo. Tandem bis comis varietas cibo advenio acervus uberrime. Omnis torrens suus solutio communis.,6706701a98ac07710c36b0d1,217
6706701a98ac07710c36b1d4,Adulatio summisse vado adduco curo crapula thymum arbustum tertius depono.,Asporto coma spiculum aegrus strues conservo aegrotatio caput eaque auditor. Sono vulgivagus apparatus summa totus thesis uredo tabella asporto. Conservo infit deputo carus quis adipiscor accusator fugit centum.,6706701a98ac07710c36b044,218
6706701a98ac07710c36b1d5,Mollitia libero arx thymbra.,Debitis iste vox caritas tantum verbera tergo sed cubo bis. Quis arcus perferendis vindico capto ad usus. Tardus provident ventito venia adsuesco hic abstergo iusto.,6706701a98ac07710c36afe8,219
6706701a98ac07710c36b1d6,Dolorem sonitus ex vulgus amplexus reiciendis.,Abundans virga deorsum cras corrumpo. Amplexus cavus nostrum. Asper deprimo commodi coadunatio tabesco aggero tener ipsam spiritus cervus.,6706701a98ac07710c36b015,220
6706701a98ac07710c36b1d7,Aeger thesis denique.,Defaeco adeptio versus cultura sit vinum caste. Tenus decimus varietas officiis deserunt acceptus acidus assumenda. Audeo valeo eos deorsum crur utilis.,6706701a98ac07710c36b063,221
6706701a98ac07710c36b1d8,Coerceo quas tracto damnatio.,Avarus usitas clamo textus tutamen antea vaco caput centum congregatio. Sed comminor corroboro viriliter tres ascisco. Termes vetus illum deduco arceo ambulo iure uter abundans tenuis.,6706701a98ac07710c36b0e6,222
6706701a98ac07710c36b1d9,Dolores comitatus impedit vilis varietas.,Ullam defaeco adipiscor ad annus comis summopere cubicularis amet cultellus. Solum altus vilicus succedo vicinus sursum usitas trado. Aegrus trepide depulso arcus cultura cetera saepe.,6706701a98ac07710c36afdb,223
6706701a98ac07710c36b1da,Stella deorsum sublime videlicet fuga caute triduana deinde.,Audax desparatus vespillo. Vitae absens subvenio. Stultus ancilla magni depraedor cognomen velit conicio sub conscendo.,6706701a98ac07710c36b010,224
6706701a98ac07710c36b1db,Optio thorax vigor demo tego talis.,Pauper civis admoveo terreo apostolus amplus spargo aeger aedificium. Animus coaegresco conduco curso dolorum provident versus ulterius. Addo cibo coerceo.,6706701a98ac07710c36b04b,225
6706701a98ac07710c36b1dc,Audeo deleo aequus dolore adulatio aequitas eum aedificium curriculum caecus.,Certus coruscus crapula nesciunt. Desipio depopulo dolorem. Adsidue aegrus demo tremo.,6706701a98ac07710c36b082,226
6706701a98ac07710c36b1dd,Somnus porro arma aeger non.,Truculenter patrocinor terreo. Defleo volup allatus adhuc tamdiu adulatio deficio vita cogo verbera. Abscido tantillus xiphias vae vae curatio caput vigor appositus adaugeo.,6706701a98ac07710c36b044,227
6706701a98ac07710c36b1de,Ultra adaugeo aggero tabgo.,Cumque una tam nulla sortitus cultura tergum. Consequuntur urbanus tonsor certus patior candidus ascit. Conor cum aro laudantium volup.,6706701a98ac07710c36b081,228
6706701a98ac07710c36b1df,Auditor undique ars subito.,Tam canis celer doloremque via ipsam tertius adflicto. Crinis victus bardus usus atque victus. Comis in tempore astrum ipsa.,6706701a98ac07710c36b0a0,229
6706701a98ac07710c36b1e0,Peior vesper venustas.,Velut vicissitudo terreo. Conspergo ara demulceo ex congregatio colligo thalassinus apto agnitio. Charisma vero ventosus soluta facere delectus.,6706701a98ac07710c36b00d,230
6706701a98ac07710c36b1e1,Vinco dedecor libero astrum tribuo defendo.,Suppono tot umerus copia theologus aro thesaurus vobis cupressus. Delicate adulescens antiquus timor tripudio sunt repellat tener. Admoveo tenax iste cervus atqui sperno armarium quam.,6706701a98ac07710c36b00f,231
6706701a98ac07710c36b1e2,Caelum delinquo admitto adulatio aetas.,Coerceo acer commodi. Aiunt cur delibero adeptio defendo cetera artificiose sollers. Vix votum ullus.,6706701a98ac07710c36b0ad,232
6706701a98ac07710c36b1e3,Consequuntur adduco trucido acceptus ipsa curso adficio.,Laudantium viridis versus tendo repudiandae uterque supra tersus. Angustus apparatus adfero cupiditas. Degenero placeat spoliatio cerno adficio.,6706701a98ac07710c36b0cd,233
6706701a98ac07710c36b1e4,Tonsor taedium abduco umquam arbustum vere claustrum titulus quos.,Fugit adiuvo auctus capitulus claudeo tergum audentia basium cursim. Tam stella cruentus. Nihil verto comptus tardus cado amicitia absens calamitas nesciunt.,6706701a98ac07710c36b07a,234
6706701a98ac07710c36b1e5,Porro coniuratio delibero.,Tendo aestus canis. Architecto modi cupressus aufero super. Possimus corporis comitatus absens denuo urbs crux.,6706701a98ac07710c36b0ec,235
6706701a98ac07710c36b1e6,Deorsum arguo allatus totus vestigium.,Vero vomer beatae campana ullam amitto thymum vox aestus. Absconditus adopto pecus natus caries amicitia conatus. Molestiae adficio maiores villa talio.,6706701a98ac07710c36b0b2,236
6706701a98ac07710c36b1e7,Alii viriliter suspendo condico quisquam curto tego contra.,Aranea sordeo esse. Tandem terror cetera ventito sono aestas tandem contego. Super tactus acidus amita vulgivagus sortitus assentator degero ex supplanto.,6706701a98ac07710c36b0f2,237
6706701a98ac07710c36b1e8,Incidunt varietas desipio acervus delego tantillus.,Contigo bardus verto. Alienus coadunatio est tenuis aequus. Bellum armarium cuius ad demulceo correptius ver decimus sint.,6706701a98ac07710c36b02d,238
6706701a98ac07710c36b1e9,Aduro cumque delectatio umbra.,Umquam defaeco debilito dapifer. Tui caritas vester dolore combibo usitas alo tutis cursus compono. Capio sollicito considero dolore amet.,6706701a98ac07710c36b024,239
6706701a98ac07710c36b1ea,Thema defessus defungo appello undique atrocitas copia.,Turpis calco subiungo sustineo acsi vero demo. Talis vitiosus copia carus communis aqua at terebro. Venia cultura impedit abundans succurro cariosus.,6706701a98ac07710c36b0c1,240
6706701a98ac07710c36b1eb,Patior admoneo alienus vorago cornu ascit pectus torqueo sopor.,Pauper amiculum ultra. Cras vulticulus aperio tempore bene audio earum totus acer. Occaecati cometes uberrime atque cariosus sursum victus.,6706701a98ac07710c36b01b,241
6706701a98ac07710c36b1ec,Universe carbo dolor concedo adiuvo nam uxor totidem.,Despecto certus carmen. Veritatis cohors taceo coaegresco alioqui video desparatus vitiosus ea pecto. Voluptate celebrer adstringo venia cribro vicissitudo ex.,6706701a98ac07710c36b087,242
6706701a98ac07710c36b1ed,Nesciunt trans porro viduo quisquam amor.,Vinculum toties vomica validus trepide. Trado earum bardus. Tres verumtamen debilito.,6706701a98ac07710c36afdc,243
6706701a98ac07710c36b1ee,Adimpleo comedo suppellex pauper eaque et contego curvo.,Tabula arcus vociferor delicate constans aegrus enim. Trans arca campana comes expedita. Vetus assumenda desidero.,6706701a98ac07710c36b077,244
6706701a98ac07710c36b1ef,Dolorem aperte cresco thesaurus aliquam adicio demens tamisium viduo.,Cum cohaero doloribus ullus apto vallum teneo virgo. Caecus ullus appositus dapifer. Molestiae curvo suppellex absque vestrum denique administratio adimpleo delego.,6706701a98ac07710c36b0d2,245
6706701a98ac07710c36b1f0,Tenax cetera tantillus clibanus cursim.,Unus crudelis quidem succedo cubicularis eligendi cursus. Atrox tyrannus tamen tabernus bibo vulgaris cruentus. Tempore altus demulceo vita varius quam cursim.,6706701a98ac07710c36b049,246
6706701a98ac07710c36b1f1,Calamitas sint accendo vinitor benigne.,Molestiae creta cohors. Cetera vae caecus. Stips crapula bibo vociferor.,6706701a98ac07710c36b03e,247
6706701a98ac07710c36b1f2,Bellum arx cometes peior.,Vinitor adopto damnatio apparatus. In caecus demonstro vulariter maiores angulus autem. Strues qui collum valens capto cotidie adsuesco.,6706701a98ac07710c36b061,248
6706701a98ac07710c36b1f3,Deserunt utrum ceno denique ventito.,Copiose calculus tamen accommodo ex benigne conscendo vilitas. Ars credo crustulum beatus adnuo adinventitias. Commodi comptus comedo stultus audacia certus creo quaerat.,6706701a98ac07710c36b0db,249
6706701a98ac07710c36b1f4,Canis ubi animadverto cura terebro utrimque subseco consequatur iste acceptus.,Tantum viriliter apparatus creber concedo consequuntur accusator tutamen cupressus. Admoveo depromo defluo ciminatio nesciunt. Stultus baiulus vomito supra.,6706701a98ac07710c36b006,250
6706701a98ac07710c36b1f5,Sit titulus amita certus vinco ocer nam sponte.,Tero omnis thema ipsa vaco minus. Caveo tabgo spectaculum coniuratio tactus solitudo volaticus tametsi via. Accommodo cribro acies temeritas defungo vehemens.,6706701a98ac07710c36b07e,251
6706701a98ac07710c36b1f6,Tabula esse paulatim aegrotatio.,Subito via appositus decerno acsi coniuratio contego clarus. Voveo neque tantum capillus aiunt titulus adopto. Ciminatio conscendo basium cresco coepi supplanto thermae acsi tibi desparatus.,6706701a98ac07710c36b07e,252
6706701a98ac07710c36b1f7,Alter patria abbas adinventitias doloribus.,Quae arx utrimque vomica vitae conor stabilis cunctatio. Argumentum ulterius carmen civitas debeo quam stabilis. Adficio vinculum vere vito suppono sono possimus bellicus.,6706701a98ac07710c36b0c3,253
6706701a98ac07710c36b1f8,Celo amet unus cotidie deficio brevis nostrum.,Sit vindico eligendi acquiro veritatis velociter aveho dedecor mollitia argumentum. Deripio una substantia substantia combibo amaritudo comitatus defetiscor. Vir timidus adfero veritas antea.,6706701a98ac07710c36b0c2,254
6706701a98ac07710c36b1f9,Antea velum universe.,Tero calamitas depereo culpa canis. Minima coma quas sit culpa pauci. Suus versus virtus aeneus.,6706701a98ac07710c36b029,255
6706701a98ac07710c36b1fa,Impedit aranea cubo.,Desparatus somniculosus bene. Vicissitudo tollo uberrime. Abstergo ancilla sponte.,6706701a98ac07710c36b015,256
6706701a98ac07710c36b1fb,Totidem beneficium aegrus arto circumvenio vox cetera.,Conor urbanus carus nulla claustrum coniecto accusantium censura conitor. Supplanto curtus theatrum. Voluptatum centum stabilis subvenio vicissitudo qui dedico.,6706701a98ac07710c36b0f4,257
6706701a98ac07710c36b1fc,Deludo adulatio vicissitudo animus hic deorsum ago creo teres.,Sustineo caries terga aedificium administratio tardus. Trucido succedo claustrum absens taceo undique. Vesper amor stella ab vado territo nihil cogo subito.,6706701a98ac07710c36afe4,258
6706701a98ac07710c36b1fd,Varietas condico decumbo corona cursus aliqua adhuc vinum cimentarius.,Attollo termes carcer. Speculum cibo annus quo cunctatio. Tremo tondeo deludo catena.,6706701a98ac07710c36b0ec,259
6706701a98ac07710c36b1fe,Sperno vindico terebro.,Versus antepono accusantium caries arceo argentum architecto appello. Admiratio tum attonbitus aequitas iusto. Creator accusantium deludo pauper pectus pauper abbas.,6706701a98ac07710c36afcf,260
6706701a98ac07710c36b1ff,Excepturi varietas labore bestia adfero.,Patruus thymbra aestus accendo compono doloremque ara arx. Ullam vestrum suppono. Super vis sunt universe omnis mollitia considero pax.,6706701a98ac07710c36b001,261
6706701a98ac07710c36b200,Recusandae uterque auctor ad sum coepi tabella.,Adeo tepesco coadunatio advenio aestus tabella adulatio sollers atque. Traho ago alveus crapula spargo curis thymum. Aufero tui aureus adsuesco vel subnecto iste vitium cicuta coma.,6706701a98ac07710c36b029,262
6706701a98ac07710c36b201,Cito crebro sto.,Cunae audio creo absens vomica auxilium altus cras confugo ascit. Angulus comedo distinctio sulum. Compello utroque ager delego tempora conicio cum conculco vorago.,6706701a98ac07710c36b061,263
6706701a98ac07710c36b202,Aetas cornu deserunt.,Amicitia cauda comptus alii temeritas comparo comparo adduco. Cognatus custodia infit cauda vilis modi decimus deporto denego deinde. Carpo triumphus sono carmen spoliatio venustas enim viscus.,6706701a98ac07710c36afd0,264
6706701a98ac07710c36b203,Anser nostrum verbum terga statua vulnus crebro neque tam tumultus.,Cilicium quo suadeo degero unus trans aiunt vesica cohors tres. Vox tenetur conscendo adnuo varietas arca cuius vulgivagus complectus. Quaerat cui vespillo combibo in odio.,6706701a98ac07710c36b00a,265
6706701a98ac07710c36b204,Distinctio amplexus victoria confugo cariosus officia.,Abscido utique tempore curso tamisium sum conicio unde adhuc demonstro. Socius beatus auditor colligo sursum tremo credo. Beneficium cervus similique culpo combibo atqui blanditiis.,6706701a98ac07710c36b093,266
6706701a98ac07710c36b205,Stultus accendo vorax audacia vespillo.,Cognatus eaque volubilis sequi commemoro urbs congregatio. Amplus depraedor substantia summa voluptates ater. Vero timidus coma demergo tego somniculosus socius verumtamen nulla.,6706701a98ac07710c36b086,267
6706701a98ac07710c36b206,Impedit tempus voluptatum verto solum contra defleo consectetur.,Fuga auditor bardus. Tergo valens ad considero ullam. Amita cunae crinis adeptio nisi.,6706701a98ac07710c36afd9,268
6706701a98ac07710c36b207,Adaugeo patruus defessus.,Laudantium quod clarus. Absens consequuntur attonbitus depromo. Attollo quod bibo cunae.,6706701a98ac07710c36b02f,269
6706701a98ac07710c36b208,Conicio ocer aufero tot suffragium admiratio caries comprehendo vesica considero.,Appono optio quidem triumphus via desolo alienus. Thymbra solitudo ab attollo admiratio cubo vox usque tantum. Cupio tutamen quam asperiores.,6706701a98ac07710c36b0e0,270
6706701a98ac07710c36b209,Dolorum aut expedita utpote tepesco ullam ab decipio laudantium.,Administratio caste praesentium cattus aequitas provident. Debilito cotidie copiose. Sonitus credo debilito vivo curtus recusandae coruscus.,6706701a98ac07710c36aff0,271
6706701a98ac07710c36b20a,Tantillus combibo virgo video vir blanditiis molestias vesper.,Dens civitas unus comes atavus carpo. Varietas apparatus terror concido. Sponte civis crur.,6706701a98ac07710c36b089,272
6706701a98ac07710c36b20b,Sto clibanus condico verumtamen via thermae depereo.,Confido alveus cultura. Doloribus demum supellex vergo cariosus averto ambitus sperno torqueo. Adipisci curia uxor claro officiis amoveo.,6706701a98ac07710c36b08b,273
6706701a98ac07710c36b20c,Charisma caveo ullus maiores celebrer ago thymbra conqueror architecto aggero.,Tego eum curvo confugo surculus terebro deserunt. Auctor certus ager. Quo socius quas speciosus vestrum cohaero harum adeo molestiae.,6706701a98ac07710c36b092,274
6706701a98ac07710c36b20d,Venia talio solutio atrocitas tantillus.,Tricesimus vapulus bellum. Villa complectus ventus abundans ex cetera deporto ab calco. Alienus vespillo amplitudo subseco confero vesco admitto.,6706701a98ac07710c36b059,275
6706701a98ac07710c36b20e,Numquam spero adipisci cito quod.,Adduco decumbo autem earum. Occaecati eius vix adfero animi tunc dedico vulnus officia. Terreo conspergo vox pax correptius thorax.,6706701a98ac07710c36b03a,276
6706701a98ac07710c36b20f,Creo dolorem magnam crux nulla speciosus magni eveniet.,Spiculum depopulo explicabo deleniti. Bellicus tamquam bardus. Odit pecto usitas cometes cito consectetur pax aveho conturbo quo.,6706701a98ac07710c36b034,277
6706701a98ac07710c36b210,Vox vobis cibus vulticulus ceno.,Apparatus uxor nostrum curiositas sursum. Teres apostolus crudelis tot thalassinus. Subito cribro collum recusandae strenuus carbo.,6706701a98ac07710c36b053,278
6706701a98ac07710c36b211,Aperte vetus spoliatio minima aut excepturi demulceo.,Barba taedium benevolentia acsi coepi delectatio. Copia tamisium tot acsi conatus conculco denuo. Teneo canis speciosus vociferor adipiscor alter cometes depraedor.,6706701a98ac07710c36b05a,279
6706701a98ac07710c36b212,Somniculosus absconditus bellum damnatio contego dolore.,Timor vito triduana attonbitus allatus caste nostrum appono arbor. Delinquo consectetur cultura certus soluta cresco abbas carcer callide depromo. Denego autem armarium cuppedia.,6706701a98ac07710c36b055,280
6706701a98ac07710c36b213,Adeo aegre combibo aperte ratione aggredior vesper alo thesis quaerat.,Curvo ocer sui texo coadunatio aequitas calculus vesco. Amissio adeo delicate conitor vacuus blanditiis comes argumentum. Denego appono decimus.,6706701a98ac07710c36b02b,281
6706701a98ac07710c36b214,Vorax umerus sufficio.,Ulterius comminor cetera trans defero civis sonitus. Certus dolor debilito ultio arbitro abbas. Usque voluptate coma ascisco quod ventosus absens condico delectus cicuta.,6706701a98ac07710c36b0a2,282
6706701a98ac07710c36b215,Dapifer uredo credo sustineo.,Valens defendo virtus acervus eius sustineo aureus. Consuasor tutamen rerum video dolor ut suasoria. Neque thema thymbra coniecto atqui thalassinus timor spargo.,6706701a98ac07710c36b041,283
6706701a98ac07710c36b216,Vito agnosco dolore ver abutor.,Tot vergo chirographum amitto vere. Doloribus adsidue adeptio. Tristis volubilis adiuvo totidem territo vesco audacia clibanus curso.,6706701a98ac07710c36b0f1,284
6706701a98ac07710c36b217,Inflammatio thymbra admoveo speculum amplitudo ultra arma.,Dedecor cohibeo complectus spero alveus. Deleniti conturbo derelinquo aegrus soleo consectetur timor conturbo. Cariosus crepusculum barba magnam abbas abbas suscipit admitto adsum.,6706701a98ac07710c36b0fa,285
6706701a98ac07710c36b218,Accedo verto tenax denuo.,Ulterius aggero avaritia taedium contego excepturi arbitro conculco terga titulus. Careo bardus illo nam cresco advenio venio conventus quam tutis. Causa corrigo cur decipio aequitas votum.,6706701a98ac07710c36b0c5,286
6706701a98ac07710c36b219,Recusandae aegrus voveo creptio vulariter adstringo sollicito.,Ver cornu atrocitas occaecati. Auctus acervus volubilis sui brevis accusantium crux iusto trans. Reprehenderit usus modi veniam appello absum voluptatum.,6706701a98ac07710c36afec,287
6706701a98ac07710c36b21a,Veniam architecto solum agnosco alveus ustulo sodalitas vinculum statua vesica.,Congregatio admiratio aveho asper sumptus beatus pecto adulatio sursum supellex. Adicio tamquam aer confero assentator. Adsidue sol caelum.,6706701a98ac07710c36b0b5,288
6706701a98ac07710c36b21b,Dicta abbas magni.,Vicinus amicitia varietas carbo aliquam ultra. Excepturi soluta quod. Ultra libero umquam recusandae vinco laborum.,6706701a98ac07710c36b031,289
6706701a98ac07710c36b21c,Curtus comprehendo eum.,Spectaculum credo consequatur dolorum alioqui. Attero careo acceptus aeternus curo. Totus victoria cultura venia usus adulescens universe.,6706701a98ac07710c36b03f,290
6706701a98ac07710c36b21d,Assentator dicta adflicto comprehendo cinis temeritas defetiscor.,Testimonium desipio tantum quibusdam tyrannus appello defetiscor calamitas demulceo armarium. Tamisium denego vicissitudo dolores cotidie vehemens sub somnus. Baiulus valens crapula ara benigne arguo vilitas peccatus utrimque.,6706701a98ac07710c36aff7,291
6706701a98ac07710c36b21e,Dolorem creo temptatio vitiosus urbs laboriosam illum acsi congregatio tego.,Creber deleo vacuus deserunt adversus. Patior balbus crinis acies demum. Casso succurro torqueo stips.,6706701a98ac07710c36b078,292
6706701a98ac07710c36b21f,Conforto concido congregatio constans suspendo ciminatio solvo advoco curto acsi.,Arbustum aiunt placeat cum volubilis cursim conservo summisse. Chirographum cultura vacuus arma tempore nulla supellex. Studio caput aperte torrens decerno virtus vulgus approbo vehemens.,6706701a98ac07710c36affe,293
6706701a98ac07710c36b220,Armarium admoneo at.,Caterva reiciendis cattus derelinquo. Qui cras ad illo tenus vulgus vorax vapulus succedo. Decipio magnam amicitia.,6706701a98ac07710c36afd4,294
6706701a98ac07710c36b221,Summa defaeco considero.,Cum territo tabernus cupressus adfectus sollers thorax arbustum. Caritas caries cervus trepide autem tondeo studio absque umbra. Statim titulus copiose occaecati cibo.,6706701a98ac07710c36afd6,295
6706701a98ac07710c36b222,Spero carcer tergum incidunt clam.,Cubitum ea tumultus. Teres vehemens copiose cruciamentum tempus vorago. Voluntarius vestrum tabula.,6706701a98ac07710c36b014,296
6706701a98ac07710c36b223,Auctus avarus basium.,Tego alioqui crepusculum repellat spiritus tamquam angulus. Peior attollo molestiae auxilium vilitas culpo quis cotidie atrocitas deprecator. Et confido accedo verbum inventore statim adaugeo.,6706701a98ac07710c36b0b0,297
6706701a98ac07710c36b224,Aeternus molestiae alius timidus ab sufficio.,Delectatio textus vinculum uxor stillicidium volup vallum occaecati depono theologus. Coadunatio cui aestus carpo consectetur collum dapifer volo. Adimpleo creator quos fuga summisse aranea cultellus acies beatus abundans.,6706701a98ac07710c36b0d6,298
6706701a98ac07710c36b225,Ratione tracto alo.,Consequatur repellendus derelinquo cohaero delicate vespillo. Confugo calco cimentarius sono ambitus aestus. Tonsor recusandae optio terga impedit debeo ventosus cognomen corporis.,6706701a98ac07710c36b0a6,299
6706701a98ac07710c36b226,Nulla dolorum damnatio cilicium traho commodi spargo abscido repudiandae.,Curtus triduana antea. Delectatio sumptus nemo. Ocer hic delectus conitor deputo apud conturbo arbitro crustulum congregatio.,6706701a98ac07710c36afff,300
670670bc2ce0cd253f1fa4ca,uytyui,No Description,670670bc2ce0cd253f1fa4c8,301
